Analysis & Synthesis report for cronometro
Thu Sep 18 13:09:34 2025
Quartus Prime Version 18.1.0 Build 625 09/12/2018 SJ Lite Edition


---------------------
; Table of Contents ;
---------------------
  1. Legal Notice
  2. Analysis & Synthesis Summary
  3. Analysis & Synthesis Settings
  4. Parallel Compilation
  5. Analysis & Synthesis Source Files Read
  6. Analysis & Synthesis Resource Usage Summary
  7. Analysis & Synthesis Resource Utilization by Entity
  8. Analysis & Synthesis RAM Summary
  9. Analysis & Synthesis IP Cores Summary
 10. General Register Statistics
 11. Inverted Register Statistics
 12. Multiplexer Restructuring Statistics (Restructuring Performed)
 13. Source assignments for sld_signaltap:auto_signaltap_0
 14. Parameter Settings for Inferred Entity Instance: sld_signaltap:auto_signaltap_0
 15. Port Connectivity Checks: "cont16_ld:sec1"
 16. Port Connectivity Checks: "cont16_ld:sec0"
 17. Port Connectivity Checks: "cont16_ld:cent1"
 18. Port Connectivity Checks: "cont16_ld:cent0"
 19. Signal Tap Logic Analyzer Settings
 20. Post-Synthesis Netlist Statistics for Top Partition
 21. Elapsed Time Per Partition
 22. Connections to In-System Debugging Instance "auto_signaltap_0"
 23. Analysis & Synthesis Messages



----------------
; Legal Notice ;
----------------
Copyright (C) 2018  Intel Corporation. All rights reserved.
Your use of Intel Corporation's design tools, logic functions 
and other software and tools, and its AMPP partner logic 
functions, and any output files from any of the foregoing 
(including device programming or simulation files), and any 
associated documentation or information are expressly subject 
to the terms and conditions of the Intel Program License 
Subscription Agreement, the Intel Quartus Prime License Agreement,
the Intel FPGA IP License Agreement, or other applicable license
agreement, including, without limitation, that your use is for
the sole purpose of programming logic devices manufactured by
Intel and sold by Intel or its authorized distributors.  Please
refer to the applicable agreement for further details.



+----------------------------------------------------------------------------------+
; Analysis & Synthesis Summary                                                     ;
+------------------------------------+---------------------------------------------+
; Analysis & Synthesis Status        ; Successful - Thu Sep 18 13:09:34 2025       ;
; Quartus Prime Version              ; 18.1.0 Build 625 09/12/2018 SJ Lite Edition ;
; Revision Name                      ; cronometro                                  ;
; Top-level Entity Name              ; cronometro                                  ;
; Family                             ; Cyclone 10 LP                               ;
; Total logic elements               ; 1,038                                       ;
;     Total combinational functions  ; 695                                         ;
;     Dedicated logic registers      ; 726                                         ;
; Total registers                    ; 726                                         ;
; Total pins                         ; 19                                          ;
; Total virtual pins                 ; 0                                           ;
; Total memory bits                  ; 2,560                                       ;
; Embedded Multiplier 9-bit elements ; 0                                           ;
; Total PLLs                         ; 0                                           ;
+------------------------------------+---------------------------------------------+


+------------------------------------------------------------------------------------------------------------+
; Analysis & Synthesis Settings                                                                              ;
+------------------------------------------------------------------+--------------------+--------------------+
; Option                                                           ; Setting            ; Default Value      ;
+------------------------------------------------------------------+--------------------+--------------------+
; Device                                                           ; 10CL025YU256I7G    ;                    ;
; Top-level entity name                                            ; cronometro         ; cronometro         ;
; Family name                                                      ; Cyclone 10 LP      ; Cyclone V          ;
; Use smart compilation                                            ; Off                ; Off                ;
; Enable parallel Assembler and Timing Analyzer during compilation ; On                 ; On                 ;
; Enable compact report table                                      ; Off                ; Off                ;
; Restructure Multiplexers                                         ; Auto               ; Auto               ;
; Create Debugging Nodes for IP Cores                              ; Off                ; Off                ;
; Preserve fewer node names                                        ; On                 ; On                 ;
; Intel FPGA IP Evaluation Mode                                    ; Enable             ; Enable             ;
; Verilog Version                                                  ; Verilog_2001       ; Verilog_2001       ;
; VHDL Version                                                     ; VHDL_1993          ; VHDL_1993          ;
; State Machine Processing                                         ; Auto               ; Auto               ;
; Safe State Machine                                               ; Off                ; Off                ;
; Extract Verilog State Machines                                   ; On                 ; On                 ;
; Extract VHDL State Machines                                      ; On                 ; On                 ;
; Ignore Verilog initial constructs                                ; Off                ; Off                ;
; Iteration limit for constant Verilog loops                       ; 5000               ; 5000               ;
; Iteration limit for non-constant Verilog loops                   ; 250                ; 250                ;
; Add Pass-Through Logic to Inferred RAMs                          ; On                 ; On                 ;
; Infer RAMs from Raw Logic                                        ; On                 ; On                 ;
; Parallel Synthesis                                               ; On                 ; On                 ;
; DSP Block Balancing                                              ; Auto               ; Auto               ;
; NOT Gate Push-Back                                               ; On                 ; On                 ;
; Power-Up Don't Care                                              ; On                 ; On                 ;
; Remove Redundant Logic Cells                                     ; Off                ; Off                ;
; Remove Duplicate Registers                                       ; On                 ; On                 ;
; Ignore CARRY Buffers                                             ; Off                ; Off                ;
; Ignore CASCADE Buffers                                           ; Off                ; Off                ;
; Ignore GLOBAL Buffers                                            ; Off                ; Off                ;
; Ignore ROW GLOBAL Buffers                                        ; Off                ; Off                ;
; Ignore LCELL Buffers                                             ; Off                ; Off                ;
; Ignore SOFT Buffers                                              ; On                 ; On                 ;
; Limit AHDL Integers to 32 Bits                                   ; Off                ; Off                ;
; Optimization Technique                                           ; Balanced           ; Balanced           ;
; Carry Chain Length                                               ; 70                 ; 70                 ;
; Auto Carry Chains                                                ; On                 ; On                 ;
; Auto Open-Drain Pins                                             ; On                 ; On                 ;
; Perform WYSIWYG Primitive Resynthesis                            ; Off                ; Off                ;
; Auto ROM Replacement                                             ; On                 ; On                 ;
; Auto RAM Replacement                                             ; On                 ; On                 ;
; Auto DSP Block Replacement                                       ; On                 ; On                 ;
; Auto Shift Register Replacement                                  ; Auto               ; Auto               ;
; Allow Shift Register Merging across Hierarchies                  ; Auto               ; Auto               ;
; Auto Clock Enable Replacement                                    ; On                 ; On                 ;
; Strict RAM Replacement                                           ; Off                ; Off                ;
; Allow Synchronous Control Signals                                ; On                 ; On                 ;
; Force Use of Synchronous Clear Signals                           ; Off                ; Off                ;
; Auto RAM Block Balancing                                         ; On                 ; On                 ;
; Auto RAM to Logic Cell Conversion                                ; Off                ; Off                ;
; Auto Resource Sharing                                            ; Off                ; Off                ;
; Allow Any RAM Size For Recognition                               ; Off                ; Off                ;
; Allow Any ROM Size For Recognition                               ; Off                ; Off                ;
; Allow Any Shift Register Size For Recognition                    ; Off                ; Off                ;
; Use LogicLock Constraints during Resource Balancing              ; On                 ; On                 ;
; Ignore translate_off and synthesis_off directives                ; Off                ; Off                ;
; Timing-Driven Synthesis                                          ; On                 ; On                 ;
; Report Parameter Settings                                        ; On                 ; On                 ;
; Report Source Assignments                                        ; On                 ; On                 ;
; Report Connectivity Checks                                       ; On                 ; On                 ;
; Ignore Maximum Fan-Out Assignments                               ; Off                ; Off                ;
; Synchronization Register Chain Length                            ; 2                  ; 2                  ;
; Power Optimization During Synthesis                              ; Normal compilation ; Normal compilation ;
; HDL message level                                                ; Level2             ; Level2             ;
; Suppress Register Optimization Related Messages                  ; Off                ; Off                ;
; Number of Removed Registers Reported in Synthesis Report         ; 5000               ; 5000               ;
; Number of Swept Nodes Reported in Synthesis Report               ; 5000               ; 5000               ;
; Number of Inverted Registers Reported in Synthesis Report        ; 100                ; 100                ;
; Clock MUX Protection                                             ; On                 ; On                 ;
; Auto Gated Clock Conversion                                      ; Off                ; Off                ;
; Block Design Naming                                              ; Auto               ; Auto               ;
; SDC constraint protection                                        ; Off                ; Off                ;
; Synthesis Effort                                                 ; Auto               ; Auto               ;
; Shift Register Replacement - Allow Asynchronous Clear Signal     ; On                 ; On                 ;
; Pre-Mapping Resynthesis Optimization                             ; Off                ; Off                ;
; Analysis & Synthesis Message Level                               ; Medium             ; Medium             ;
; Disable Register Merging Across Hierarchies                      ; Auto               ; Auto               ;
; Resource Aware Inference For Block RAM                           ; On                 ; On                 ;
+------------------------------------------------------------------+--------------------+--------------------+


+------------------------------------------+
; Parallel Compilation                     ;
+----------------------------+-------------+
; Processors                 ; Number      ;
+----------------------------+-------------+
; Number detected on machine ; 12          ;
; Maximum allowed            ; 8           ;
;                            ;             ;
; Average used               ; 1.00        ;
; Maximum used               ; 8           ;
;                            ;             ;
; Usage by Processor         ; % Time Used ;
;     Processor 1            ; 100.0%      ;
;     Processors 2-8         ;   0.0%      ;
+----------------------------+-------------+


+---------------------------------------------------------------------------------------------------------------------------------------------------------------------------------------------------------------------------------------------------+
; Analysis & Synthesis Source Files Read                                                                                                                                                                                                            ;
+--------------------------------------------------------------------+-----------------+----------------------------------------------+-----------------------------------------------------------------------------------------------+-------------+
; File Name with User-Entered Path                                   ; Used in Netlist ; File Type                                    ; File Name with Absolute Path                                                                  ; Library     ;
+--------------------------------------------------------------------+-----------------+----------------------------------------------+-----------------------------------------------------------------------------------------------+-------------+
; cronometro.vhd                                                     ; yes             ; User VHDL File                               ; C:/vhdl/cronometro-digital/cronometro.vhd                                                     ;             ;
; debouncer.vhd                                                      ; yes             ; User VHDL File                               ; C:/vhdl/cronometro-digital/debouncer.vhd                                                      ;             ;
; cont16_ld.vhd                                                      ; yes             ; Auto-Found VHDL File                         ; C:/vhdl/cronometro-digital/cont16_ld.vhd                                                      ;             ;
; sld_signaltap.vhd                                                  ; yes             ; Megafunction                                 ; c:/intelfpga_lite/18.1/quartus/libraries/megafunctions/sld_signaltap.vhd                      ;             ;
; sld_signaltap_impl.vhd                                             ; yes             ; Encrypted Megafunction                       ; c:/intelfpga_lite/18.1/quartus/libraries/megafunctions/sld_signaltap_impl.vhd                 ;             ;
; sld_ela_control.vhd                                                ; yes             ; Encrypted Megafunction                       ; c:/intelfpga_lite/18.1/quartus/libraries/megafunctions/sld_ela_control.vhd                    ;             ;
; lpm_shiftreg.tdf                                                   ; yes             ; Megafunction                                 ; c:/intelfpga_lite/18.1/quartus/libraries/megafunctions/lpm_shiftreg.tdf                       ;             ;
; lpm_constant.inc                                                   ; yes             ; Megafunction                                 ; c:/intelfpga_lite/18.1/quartus/libraries/megafunctions/lpm_constant.inc                       ;             ;
; dffeea.inc                                                         ; yes             ; Megafunction                                 ; c:/intelfpga_lite/18.1/quartus/libraries/megafunctions/dffeea.inc                             ;             ;
; aglobal181.inc                                                     ; yes             ; Megafunction                                 ; c:/intelfpga_lite/18.1/quartus/libraries/megafunctions/aglobal181.inc                         ;             ;
; sld_ela_trigger.tdf                                                ; yes             ; Encrypted Megafunction                       ; c:/intelfpga_lite/18.1/quartus/libraries/megafunctions/sld_ela_trigger.tdf                    ;             ;
; db/sld_ela_trigger_g2p.tdf                                         ; yes             ; Auto-Generated Megafunction                  ; C:/vhdl/cronometro-digital/db/sld_ela_trigger_g2p.tdf                                         ;             ;
; db/sld_reserved_cronometro_auto_signaltap_0_1_21bc.v               ; yes             ; Encrypted Auto-Generated Megafunction        ; C:/vhdl/cronometro-digital/db/sld_reserved_cronometro_auto_signaltap_0_1_21bc.v               ;             ;
; sld_alt_reduction.vhd                                              ; yes             ; Encrypted Megafunction                       ; c:/intelfpga_lite/18.1/quartus/libraries/megafunctions/sld_alt_reduction.vhd                  ;             ;
; sld_mbpmg.vhd                                                      ; yes             ; Encrypted Megafunction                       ; c:/intelfpga_lite/18.1/quartus/libraries/megafunctions/sld_mbpmg.vhd                          ;             ;
; sld_ela_trigger_flow_mgr.vhd                                       ; yes             ; Encrypted Megafunction                       ; c:/intelfpga_lite/18.1/quartus/libraries/megafunctions/sld_ela_trigger_flow_mgr.vhd           ;             ;
; sld_buffer_manager.vhd                                             ; yes             ; Encrypted Megafunction                       ; c:/intelfpga_lite/18.1/quartus/libraries/megafunctions/sld_buffer_manager.vhd                 ;             ;
; altsyncram.tdf                                                     ; yes             ; Megafunction                                 ; c:/intelfpga_lite/18.1/quartus/libraries/megafunctions/altsyncram.tdf                         ;             ;
; stratix_ram_block.inc                                              ; yes             ; Megafunction                                 ; c:/intelfpga_lite/18.1/quartus/libraries/megafunctions/stratix_ram_block.inc                  ;             ;
; lpm_mux.inc                                                        ; yes             ; Megafunction                                 ; c:/intelfpga_lite/18.1/quartus/libraries/megafunctions/lpm_mux.inc                            ;             ;
; lpm_decode.inc                                                     ; yes             ; Megafunction                                 ; c:/intelfpga_lite/18.1/quartus/libraries/megafunctions/lpm_decode.inc                         ;             ;
; a_rdenreg.inc                                                      ; yes             ; Megafunction                                 ; c:/intelfpga_lite/18.1/quartus/libraries/megafunctions/a_rdenreg.inc                          ;             ;
; altrom.inc                                                         ; yes             ; Megafunction                                 ; c:/intelfpga_lite/18.1/quartus/libraries/megafunctions/altrom.inc                             ;             ;
; altram.inc                                                         ; yes             ; Megafunction                                 ; c:/intelfpga_lite/18.1/quartus/libraries/megafunctions/altram.inc                             ;             ;
; altdpram.inc                                                       ; yes             ; Megafunction                                 ; c:/intelfpga_lite/18.1/quartus/libraries/megafunctions/altdpram.inc                           ;             ;
; db/altsyncram_j424.tdf                                             ; yes             ; Auto-Generated Megafunction                  ; C:/vhdl/cronometro-digital/db/altsyncram_j424.tdf                                             ;             ;
; altdpram.tdf                                                       ; yes             ; Megafunction                                 ; c:/intelfpga_lite/18.1/quartus/libraries/megafunctions/altdpram.tdf                           ;             ;
; memmodes.inc                                                       ; yes             ; Megafunction                                 ; c:/intelfpga_lite/18.1/quartus/libraries/others/maxplus2/memmodes.inc                         ;             ;
; a_hdffe.inc                                                        ; yes             ; Megafunction                                 ; c:/intelfpga_lite/18.1/quartus/libraries/megafunctions/a_hdffe.inc                            ;             ;
; alt_le_rden_reg.inc                                                ; yes             ; Megafunction                                 ; c:/intelfpga_lite/18.1/quartus/libraries/megafunctions/alt_le_rden_reg.inc                    ;             ;
; altsyncram.inc                                                     ; yes             ; Megafunction                                 ; c:/intelfpga_lite/18.1/quartus/libraries/megafunctions/altsyncram.inc                         ;             ;
; lpm_mux.tdf                                                        ; yes             ; Megafunction                                 ; c:/intelfpga_lite/18.1/quartus/libraries/megafunctions/lpm_mux.tdf                            ;             ;
; muxlut.inc                                                         ; yes             ; Megafunction                                 ; c:/intelfpga_lite/18.1/quartus/libraries/megafunctions/muxlut.inc                             ;             ;
; bypassff.inc                                                       ; yes             ; Megafunction                                 ; c:/intelfpga_lite/18.1/quartus/libraries/megafunctions/bypassff.inc                           ;             ;
; altshift.inc                                                       ; yes             ; Megafunction                                 ; c:/intelfpga_lite/18.1/quartus/libraries/megafunctions/altshift.inc                           ;             ;
; db/mux_lsc.tdf                                                     ; yes             ; Auto-Generated Megafunction                  ; C:/vhdl/cronometro-digital/db/mux_lsc.tdf                                                     ;             ;
; lpm_decode.tdf                                                     ; yes             ; Megafunction                                 ; c:/intelfpga_lite/18.1/quartus/libraries/megafunctions/lpm_decode.tdf                         ;             ;
; declut.inc                                                         ; yes             ; Megafunction                                 ; c:/intelfpga_lite/18.1/quartus/libraries/megafunctions/declut.inc                             ;             ;
; lpm_compare.inc                                                    ; yes             ; Megafunction                                 ; c:/intelfpga_lite/18.1/quartus/libraries/megafunctions/lpm_compare.inc                        ;             ;
; db/decode_6vf.tdf                                                  ; yes             ; Auto-Generated Megafunction                  ; C:/vhdl/cronometro-digital/db/decode_6vf.tdf                                                  ;             ;
; lpm_counter.tdf                                                    ; yes             ; Megafunction                                 ; c:/intelfpga_lite/18.1/quartus/libraries/megafunctions/lpm_counter.tdf                        ;             ;
; lpm_add_sub.inc                                                    ; yes             ; Megafunction                                 ; c:/intelfpga_lite/18.1/quartus/libraries/megafunctions/lpm_add_sub.inc                        ;             ;
; cmpconst.inc                                                       ; yes             ; Megafunction                                 ; c:/intelfpga_lite/18.1/quartus/libraries/megafunctions/cmpconst.inc                           ;             ;
; lpm_counter.inc                                                    ; yes             ; Megafunction                                 ; c:/intelfpga_lite/18.1/quartus/libraries/megafunctions/lpm_counter.inc                        ;             ;
; alt_counter_stratix.inc                                            ; yes             ; Megafunction                                 ; c:/intelfpga_lite/18.1/quartus/libraries/megafunctions/alt_counter_stratix.inc                ;             ;
; db/cntr_4gi.tdf                                                    ; yes             ; Auto-Generated Megafunction                  ; C:/vhdl/cronometro-digital/db/cntr_4gi.tdf                                                    ;             ;
; db/cmpr_kgc.tdf                                                    ; yes             ; Auto-Generated Megafunction                  ; C:/vhdl/cronometro-digital/db/cmpr_kgc.tdf                                                    ;             ;
; db/cntr_b6j.tdf                                                    ; yes             ; Auto-Generated Megafunction                  ; C:/vhdl/cronometro-digital/db/cntr_b6j.tdf                                                    ;             ;
; db/cntr_7gi.tdf                                                    ; yes             ; Auto-Generated Megafunction                  ; C:/vhdl/cronometro-digital/db/cntr_7gi.tdf                                                    ;             ;
; db/cmpr_jgc.tdf                                                    ; yes             ; Auto-Generated Megafunction                  ; C:/vhdl/cronometro-digital/db/cmpr_jgc.tdf                                                    ;             ;
; db/cntr_r2j.tdf                                                    ; yes             ; Auto-Generated Megafunction                  ; C:/vhdl/cronometro-digital/db/cntr_r2j.tdf                                                    ;             ;
; db/cmpr_ggc.tdf                                                    ; yes             ; Auto-Generated Megafunction                  ; C:/vhdl/cronometro-digital/db/cmpr_ggc.tdf                                                    ;             ;
; sld_rom_sr.vhd                                                     ; yes             ; Encrypted Megafunction                       ; c:/intelfpga_lite/18.1/quartus/libraries/megafunctions/sld_rom_sr.vhd                         ;             ;
; sld_jtag_endpoint_adapter.vhd                                      ; yes             ; Encrypted Megafunction                       ; c:/intelfpga_lite/18.1/quartus/libraries/megafunctions/sld_jtag_endpoint_adapter.vhd          ;             ;
; sld_jtag_endpoint_adapter_impl.sv                                  ; yes             ; Encrypted Megafunction                       ; c:/intelfpga_lite/18.1/quartus/libraries/megafunctions/sld_jtag_endpoint_adapter_impl.sv      ;             ;
; sld_hub.vhd                                                        ; yes             ; Encrypted Megafunction                       ; c:/intelfpga_lite/18.1/quartus/libraries/megafunctions/sld_hub.vhd                            ; altera_sld  ;
; db/ip/sld85c70b88/alt_sld_fab.v                                    ; yes             ; Encrypted Auto-Found Verilog HDL File        ; C:/vhdl/cronometro-digital/db/ip/sld85c70b88/alt_sld_fab.v                                    ; alt_sld_fab ;
; db/ip/sld85c70b88/submodules/alt_sld_fab_alt_sld_fab.v             ; yes             ; Encrypted Auto-Found Verilog HDL File        ; C:/vhdl/cronometro-digital/db/ip/sld85c70b88/submodules/alt_sld_fab_alt_sld_fab.v             ; alt_sld_fab ;
; db/ip/sld85c70b88/submodules/alt_sld_fab_alt_sld_fab_ident.sv      ; yes             ; Auto-Found SystemVerilog HDL File            ; C:/vhdl/cronometro-digital/db/ip/sld85c70b88/submodules/alt_sld_fab_alt_sld_fab_ident.sv      ; alt_sld_fab ;
; db/ip/sld85c70b88/submodules/alt_sld_fab_alt_sld_fab_presplit.sv   ; yes             ; Encrypted Auto-Found SystemVerilog HDL File  ; C:/vhdl/cronometro-digital/db/ip/sld85c70b88/submodules/alt_sld_fab_alt_sld_fab_presplit.sv   ; alt_sld_fab ;
; db/ip/sld85c70b88/submodules/alt_sld_fab_alt_sld_fab_sldfabric.vhd ; yes             ; Encrypted Auto-Found VHDL File               ; C:/vhdl/cronometro-digital/db/ip/sld85c70b88/submodules/alt_sld_fab_alt_sld_fab_sldfabric.vhd ; alt_sld_fab ;
; db/ip/sld85c70b88/submodules/alt_sld_fab_alt_sld_fab_splitter.sv   ; yes             ; Encrypted Auto-Found SystemVerilog HDL File  ; C:/vhdl/cronometro-digital/db/ip/sld85c70b88/submodules/alt_sld_fab_alt_sld_fab_splitter.sv   ; alt_sld_fab ;
; sld_jtag_hub.vhd                                                   ; yes             ; Encrypted Megafunction                       ; c:/intelfpga_lite/18.1/quartus/libraries/megafunctions/sld_jtag_hub.vhd                       ;             ;
+--------------------------------------------------------------------+-----------------+----------------------------------------------+-----------------------------------------------------------------------------------------------+-------------+


+------------------------------------------------------------------------+
; Analysis & Synthesis Resource Usage Summary                            ;
+---------------------------------------------+--------------------------+
; Resource                                    ; Usage                    ;
+---------------------------------------------+--------------------------+
; Estimated Total logic elements              ; 1,038                    ;
;                                             ;                          ;
; Total combinational functions               ; 695                      ;
; Logic element usage by number of LUT inputs ;                          ;
;     -- 4 input functions                    ; 287                      ;
;     -- 3 input functions                    ; 163                      ;
;     -- <=2 input functions                  ; 245                      ;
;                                             ;                          ;
; Logic elements by mode                      ;                          ;
;     -- normal mode                          ; 528                      ;
;     -- arithmetic mode                      ; 167                      ;
;                                             ;                          ;
; Total registers                             ; 726                      ;
;     -- Dedicated logic registers            ; 726                      ;
;     -- I/O registers                        ; 0                        ;
;                                             ;                          ;
; I/O pins                                    ; 19                       ;
; Total memory bits                           ; 2560                     ;
;                                             ;                          ;
; Embedded Multiplier 9-bit elements          ; 0                        ;
;                                             ;                          ;
; Maximum fan-out node                        ; altera_internal_jtag~TDO ;
; Maximum fan-out                             ; 416                      ;
; Total fan-out                               ; 4854                     ;
; Average fan-out                             ; 3.26                     ;
+---------------------------------------------+--------------------------+


+-------------------------------------------------------------------------------------------------------------------------------------------------------------------------------------------------------------------------------------------------------------------------------------------------------------------------------------------------------------------------------------------------------------------------------------------------------------------------------------------------------------------------------------------------------------------------------------------------------------------------------------------------------------------------------------------------------------------------------------------+
; Analysis & Synthesis Resource Utilization by Entity                                                                                                                                                                                                                                                                                                                                                                                                                                                                                                                                                                                                                                                                                       ;
+-----------------------------------------------------------------------------------------------------------------------------------------+---------------------+---------------------------+-------------+--------------+---------+-----------+------+--------------+-----------------------------------------------------------------------------------------------------------------------------------------------------------------------------------------------------------------------------------------------------------------------------------------------------------------------------------------------------------------------------------------------------+-------------------------------------------------+--------------+
; Compilation Hierarchy Node                                                                                                              ; Combinational ALUTs ; Dedicated Logic Registers ; Memory Bits ; DSP Elements ; DSP 9x9 ; DSP 18x18 ; Pins ; Virtual Pins ; Full Hierarchy Name                                                                                                                                                                                                                                                                                                                                                                                 ; Entity Name                                     ; Library Name ;
+-----------------------------------------------------------------------------------------------------------------------------------------+---------------------+---------------------------+-------------+--------------+---------+-----------+------+--------------+-----------------------------------------------------------------------------------------------------------------------------------------------------------------------------------------------------------------------------------------------------------------------------------------------------------------------------------------------------------------------------------------------------+-------------------------------------------------+--------------+
; |cronometro                                                                                                                             ; 695 (63)            ; 726 (33)                  ; 2560        ; 0            ; 0       ; 0         ; 19   ; 0            ; |cronometro                                                                                                                                                                                                                                                                                                                                                                                         ; cronometro                                      ; work         ;
;    |cont16_ld:cent0|                                                                                                                    ; 4 (4)               ; 4 (4)                     ; 0           ; 0            ; 0       ; 0         ; 0    ; 0            ; |cronometro|cont16_ld:cent0                                                                                                                                                                                                                                                                                                                                                                         ; cont16_ld                                       ; work         ;
;    |cont16_ld:cent1|                                                                                                                    ; 4 (4)               ; 4 (4)                     ; 0           ; 0            ; 0       ; 0         ; 0    ; 0            ; |cronometro|cont16_ld:cent1                                                                                                                                                                                                                                                                                                                                                                         ; cont16_ld                                       ; work         ;
;    |cont16_ld:sec0|                                                                                                                     ; 4 (4)               ; 4 (4)                     ; 0           ; 0            ; 0       ; 0         ; 0    ; 0            ; |cronometro|cont16_ld:sec0                                                                                                                                                                                                                                                                                                                                                                          ; cont16_ld                                       ; work         ;
;    |cont16_ld:sec1|                                                                                                                     ; 5 (5)               ; 4 (4)                     ; 0           ; 0            ; 0       ; 0         ; 0    ; 0            ; |cronometro|cont16_ld:sec1                                                                                                                                                                                                                                                                                                                                                                          ; cont16_ld                                       ; work         ;
;    |debouncer:b1|                                                                                                                       ; 44 (44)             ; 32 (32)                   ; 0           ; 0            ; 0       ; 0         ; 0    ; 0            ; |cronometro|debouncer:b1                                                                                                                                                                                                                                                                                                                                                                            ; debouncer                                       ; work         ;
;    |debouncer:b2|                                                                                                                       ; 45 (45)             ; 32 (32)                   ; 0           ; 0            ; 0       ; 0         ; 0    ; 0            ; |cronometro|debouncer:b2                                                                                                                                                                                                                                                                                                                                                                            ; debouncer                                       ; work         ;
;    |sld_hub:auto_hub|                                                                                                                   ; 125 (1)             ; 91 (0)                    ; 0           ; 0            ; 0       ; 0         ; 0    ; 0            ; |cronometro|sld_hub:auto_hub                                                                                                                                                                                                                                                                                                                                                                        ; sld_hub                                         ; altera_sld   ;
;       |alt_sld_fab_with_jtag_input:\instrumentation_fabric_with_node_gen:fabric_gen_new_way:with_jtag_input_gen:instrumentation_fabric| ; 124 (0)             ; 91 (0)                    ; 0           ; 0            ; 0       ; 0         ; 0    ; 0            ; |cronometro|sld_hub:auto_hub|alt_sld_fab_with_jtag_input:\instrumentation_fabric_with_node_gen:fabric_gen_new_way:with_jtag_input_gen:instrumentation_fabric                                                                                                                                                                                                                                        ; alt_sld_fab_with_jtag_input                     ; altera_sld   ;
;          |alt_sld_fab:instrumentation_fabric|                                                                                           ; 124 (0)             ; 91 (0)                    ; 0           ; 0            ; 0       ; 0         ; 0    ; 0            ; |cronometro|sld_hub:auto_hub|alt_sld_fab_with_jtag_input:\instrumentation_fabric_with_node_gen:fabric_gen_new_way:with_jtag_input_gen:instrumentation_fabric|alt_sld_fab:instrumentation_fabric                                                                                                                                                                                                     ; alt_sld_fab                                     ; alt_sld_fab  ;
;             |alt_sld_fab_alt_sld_fab:alt_sld_fab|                                                                                       ; 124 (1)             ; 91 (5)                    ; 0           ; 0            ; 0       ; 0         ; 0    ; 0            ; |cronometro|sld_hub:auto_hub|alt_sld_fab_with_jtag_input:\instrumentation_fabric_with_node_gen:fabric_gen_new_way:with_jtag_input_gen:instrumentation_fabric|alt_sld_fab:instrumentation_fabric|alt_sld_fab_alt_sld_fab:alt_sld_fab                                                                                                                                                                 ; alt_sld_fab_alt_sld_fab                         ; alt_sld_fab  ;
;                |alt_sld_fab_alt_sld_fab_sldfabric:sldfabric|                                                                            ; 123 (0)             ; 86 (0)                    ; 0           ; 0            ; 0       ; 0         ; 0    ; 0            ; |cronometro|sld_hub:auto_hub|alt_sld_fab_with_jtag_input:\instrumentation_fabric_with_node_gen:fabric_gen_new_way:with_jtag_input_gen:instrumentation_fabric|alt_sld_fab:instrumentation_fabric|alt_sld_fab_alt_sld_fab:alt_sld_fab|alt_sld_fab_alt_sld_fab_sldfabric:sldfabric                                                                                                                     ; alt_sld_fab_alt_sld_fab_sldfabric               ; alt_sld_fab  ;
;                   |sld_jtag_hub:\jtag_hub_gen:real_sld_jtag_hub|                                                                        ; 123 (84)            ; 86 (58)                   ; 0           ; 0            ; 0       ; 0         ; 0    ; 0            ; |cronometro|sld_hub:auto_hub|alt_sld_fab_with_jtag_input:\instrumentation_fabric_with_node_gen:fabric_gen_new_way:with_jtag_input_gen:instrumentation_fabric|alt_sld_fab:instrumentation_fabric|alt_sld_fab_alt_sld_fab:alt_sld_fab|alt_sld_fab_alt_sld_fab_sldfabric:sldfabric|sld_jtag_hub:\jtag_hub_gen:real_sld_jtag_hub                                                                        ; sld_jtag_hub                                    ; work         ;
;                      |sld_rom_sr:hub_info_reg|                                                                                          ; 21 (21)             ; 9 (9)                     ; 0           ; 0            ; 0       ; 0         ; 0    ; 0            ; |cronometro|sld_hub:auto_hub|alt_sld_fab_with_jtag_input:\instrumentation_fabric_with_node_gen:fabric_gen_new_way:with_jtag_input_gen:instrumentation_fabric|alt_sld_fab:instrumentation_fabric|alt_sld_fab_alt_sld_fab:alt_sld_fab|alt_sld_fab_alt_sld_fab_sldfabric:sldfabric|sld_jtag_hub:\jtag_hub_gen:real_sld_jtag_hub|sld_rom_sr:hub_info_reg                                                ; sld_rom_sr                                      ; work         ;
;                      |sld_shadow_jsm:shadow_jsm|                                                                                        ; 18 (18)             ; 19 (19)                   ; 0           ; 0            ; 0       ; 0         ; 0    ; 0            ; |cronometro|sld_hub:auto_hub|alt_sld_fab_with_jtag_input:\instrumentation_fabric_with_node_gen:fabric_gen_new_way:with_jtag_input_gen:instrumentation_fabric|alt_sld_fab:instrumentation_fabric|alt_sld_fab_alt_sld_fab:alt_sld_fab|alt_sld_fab_alt_sld_fab_sldfabric:sldfabric|sld_jtag_hub:\jtag_hub_gen:real_sld_jtag_hub|sld_shadow_jsm:shadow_jsm                                              ; sld_shadow_jsm                                  ; altera_sld   ;
;    |sld_signaltap:auto_signaltap_0|                                                                                                     ; 401 (2)             ; 522 (40)                  ; 2560        ; 0            ; 0       ; 0         ; 0    ; 0            ; |cronometro|sld_signaltap:auto_signaltap_0                                                                                                                                                                                                                                                                                                                                                          ; sld_signaltap                                   ; work         ;
;       |sld_signaltap_impl:sld_signaltap_body|                                                                                           ; 399 (0)             ; 482 (0)                   ; 2560        ; 0            ; 0       ; 0         ; 0    ; 0            ; |cronometro|sld_signaltap:auto_signaltap_0|sld_signaltap_impl:sld_signaltap_body                                                                                                                                                                                                                                                                                                                    ; sld_signaltap_impl                              ; work         ;
;          |sld_signaltap_implb:sld_signaltap_body|                                                                                       ; 399 (86)            ; 482 (154)                 ; 2560        ; 0            ; 0       ; 0         ; 0    ; 0            ; |cronometro|sld_signaltap:auto_signaltap_0|sld_signaltap_impl:sld_signaltap_body|sld_signaltap_implb:sld_signaltap_body                                                                                                                                                                                                                                                                             ; sld_signaltap_implb                             ; work         ;
;             |altdpram:\stp_non_zero_ram_gen:attribute_mem_gen:attribute_mem|                                                            ; 17 (0)              ; 46 (46)                   ; 0           ; 0            ; 0       ; 0         ; 0    ; 0            ; |cronometro|sld_signaltap:auto_signaltap_0|sld_signaltap_impl:sld_signaltap_body|sld_signaltap_implb:sld_signaltap_body|altdpram:\stp_non_zero_ram_gen:attribute_mem_gen:attribute_mem                                                                                                                                                                                                              ; altdpram                                        ; work         ;
;                |lpm_decode:wdecoder|                                                                                                    ; 2 (0)               ; 0 (0)                     ; 0           ; 0            ; 0       ; 0         ; 0    ; 0            ; |cronometro|sld_signaltap:auto_signaltap_0|sld_signaltap_impl:sld_signaltap_body|sld_signaltap_implb:sld_signaltap_body|altdpram:\stp_non_zero_ram_gen:attribute_mem_gen:attribute_mem|lpm_decode:wdecoder                                                                                                                                                                                          ; lpm_decode                                      ; work         ;
;                   |decode_6vf:auto_generated|                                                                                           ; 2 (2)               ; 0 (0)                     ; 0           ; 0            ; 0       ; 0         ; 0    ; 0            ; |cronometro|sld_signaltap:auto_signaltap_0|sld_signaltap_impl:sld_signaltap_body|sld_signaltap_implb:sld_signaltap_body|altdpram:\stp_non_zero_ram_gen:attribute_mem_gen:attribute_mem|lpm_decode:wdecoder|decode_6vf:auto_generated                                                                                                                                                                ; decode_6vf                                      ; work         ;
;                |lpm_mux:mux|                                                                                                            ; 15 (0)              ; 0 (0)                     ; 0           ; 0            ; 0       ; 0         ; 0    ; 0            ; |cronometro|sld_signaltap:auto_signaltap_0|sld_signaltap_impl:sld_signaltap_body|sld_signaltap_implb:sld_signaltap_body|altdpram:\stp_non_zero_ram_gen:attribute_mem_gen:attribute_mem|lpm_mux:mux                                                                                                                                                                                                  ; lpm_mux                                         ; work         ;
;                   |mux_lsc:auto_generated|                                                                                              ; 15 (15)             ; 0 (0)                     ; 0           ; 0            ; 0       ; 0         ; 0    ; 0            ; |cronometro|sld_signaltap:auto_signaltap_0|sld_signaltap_impl:sld_signaltap_body|sld_signaltap_implb:sld_signaltap_body|altdpram:\stp_non_zero_ram_gen:attribute_mem_gen:attribute_mem|lpm_mux:mux|mux_lsc:auto_generated                                                                                                                                                                           ; mux_lsc                                         ; work         ;
;             |altsyncram:\stp_non_zero_ram_gen:stp_buffer_ram|                                                                           ; 0 (0)               ; 0 (0)                     ; 2560        ; 0            ; 0       ; 0         ; 0    ; 0            ; |cronometro|sld_signaltap:auto_signaltap_0|sld_signaltap_impl:sld_signaltap_body|sld_signaltap_implb:sld_signaltap_body|altsyncram:\stp_non_zero_ram_gen:stp_buffer_ram                                                                                                                                                                                                                             ; altsyncram                                      ; work         ;
;                |altsyncram_j424:auto_generated|                                                                                         ; 0 (0)               ; 0 (0)                     ; 2560        ; 0            ; 0       ; 0         ; 0    ; 0            ; |cronometro|sld_signaltap:auto_signaltap_0|sld_signaltap_impl:sld_signaltap_body|sld_signaltap_implb:sld_signaltap_body|altsyncram:\stp_non_zero_ram_gen:stp_buffer_ram|altsyncram_j424:auto_generated                                                                                                                                                                                              ; altsyncram_j424                                 ; work         ;
;             |lpm_shiftreg:segment_offset_config_deserialize|                                                                            ; 0 (0)               ; 7 (7)                     ; 0           ; 0            ; 0       ; 0         ; 0    ; 0            ; |cronometro|sld_signaltap:auto_signaltap_0|sld_signaltap_impl:sld_signaltap_body|sld_signaltap_implb:sld_signaltap_body|lpm_shiftreg:segment_offset_config_deserialize                                                                                                                                                                                                                              ; lpm_shiftreg                                    ; work         ;
;             |lpm_shiftreg:status_register|                                                                                              ; 17 (17)             ; 17 (17)                   ; 0           ; 0            ; 0       ; 0         ; 0    ; 0            ; |cronometro|sld_signaltap:auto_signaltap_0|sld_signaltap_impl:sld_signaltap_body|sld_signaltap_implb:sld_signaltap_body|lpm_shiftreg:status_register                                                                                                                                                                                                                                                ; lpm_shiftreg                                    ; work         ;
;             |serial_crc_16:\tdo_crc_gen:tdo_crc_calc|                                                                                   ; 14 (14)             ; 13 (13)                   ; 0           ; 0            ; 0       ; 0         ; 0    ; 0            ; |cronometro|sld_signaltap:auto_signaltap_0|sld_signaltap_impl:sld_signaltap_body|sld_signaltap_implb:sld_signaltap_body|serial_crc_16:\tdo_crc_gen:tdo_crc_calc                                                                                                                                                                                                                                     ; serial_crc_16                                   ; work         ;
;             |sld_buffer_manager:sld_buffer_manager_inst|                                                                                ; 59 (59)             ; 44 (44)                   ; 0           ; 0            ; 0       ; 0         ; 0    ; 0            ; |cronometro|sld_signaltap:auto_signaltap_0|sld_signaltap_impl:sld_signaltap_body|sld_signaltap_implb:sld_signaltap_body|sld_buffer_manager:sld_buffer_manager_inst                                                                                                                                                                                                                                  ; sld_buffer_manager                              ; work         ;
;             |sld_ela_control:ela_control|                                                                                               ; 95 (1)              ; 126 (1)                   ; 0           ; 0            ; 0       ; 0         ; 0    ; 0            ; |cronometro|sld_signaltap:auto_signaltap_0|sld_signaltap_impl:sld_signaltap_body|sld_signaltap_implb:sld_signaltap_body|sld_ela_control:ela_control                                                                                                                                                                                                                                                 ; sld_ela_control                                 ; work         ;
;                |lpm_shiftreg:trigger_config_deserialize|                                                                                ; 0 (0)               ; 4 (4)                     ; 0           ; 0            ; 0       ; 0         ; 0    ; 0            ; |cronometro|sld_signaltap:auto_signaltap_0|sld_signaltap_impl:sld_signaltap_body|sld_signaltap_implb:sld_signaltap_body|sld_ela_control:ela_control|lpm_shiftreg:trigger_config_deserialize                                                                                                                                                                                                         ; lpm_shiftreg                                    ; work         ;
;                |sld_ela_trigger:\multi_level_advanced_trigger_gen:advanced_trigger_wrapper|                                             ; 93 (0)              ; 110 (0)                   ; 0           ; 0            ; 0       ; 0         ; 0    ; 0            ; |cronometro|sld_signaltap:auto_signaltap_0|sld_signaltap_impl:sld_signaltap_body|sld_signaltap_implb:sld_signaltap_body|sld_ela_control:ela_control|sld_ela_trigger:\multi_level_advanced_trigger_gen:advanced_trigger_wrapper                                                                                                                                                                      ; sld_ela_trigger                                 ; work         ;
;                   |sld_ela_trigger_g2p:auto_generated|                                                                                  ; 93 (0)              ; 110 (0)                   ; 0           ; 0            ; 0       ; 0         ; 0    ; 0            ; |cronometro|sld_signaltap:auto_signaltap_0|sld_signaltap_impl:sld_signaltap_body|sld_signaltap_implb:sld_signaltap_body|sld_ela_control:ela_control|sld_ela_trigger:\multi_level_advanced_trigger_gen:advanced_trigger_wrapper|sld_ela_trigger_g2p:auto_generated                                                                                                                                   ; sld_ela_trigger_g2p                             ; work         ;
;                      |sld_reserved_cronometro_auto_signaltap_0_1_21bc:mgl_prim1|                                                        ; 93 (60)             ; 110 (1)                   ; 0           ; 0            ; 0       ; 0         ; 0    ; 0            ; |cronometro|sld_signaltap:auto_signaltap_0|sld_signaltap_impl:sld_signaltap_body|sld_signaltap_implb:sld_signaltap_body|sld_ela_control:ela_control|sld_ela_trigger:\multi_level_advanced_trigger_gen:advanced_trigger_wrapper|sld_ela_trigger_g2p:auto_generated|sld_reserved_cronometro_auto_signaltap_0_1_21bc:mgl_prim1                                                                         ; sld_reserved_cronometro_auto_signaltap_0_1_21bc ; work         ;
;                         |lpm_shiftreg:config_shiftreg_10|                                                                               ; 0 (0)               ; 3 (3)                     ; 0           ; 0            ; 0       ; 0         ; 0    ; 0            ; |cronometro|sld_signaltap:auto_signaltap_0|sld_signaltap_impl:sld_signaltap_body|sld_signaltap_implb:sld_signaltap_body|sld_ela_control:ela_control|sld_ela_trigger:\multi_level_advanced_trigger_gen:advanced_trigger_wrapper|sld_ela_trigger_g2p:auto_generated|sld_reserved_cronometro_auto_signaltap_0_1_21bc:mgl_prim1|lpm_shiftreg:config_shiftreg_10                                         ; lpm_shiftreg                                    ; work         ;
;                         |lpm_shiftreg:config_shiftreg_11|                                                                               ; 0 (0)               ; 1 (1)                     ; 0           ; 0            ; 0       ; 0         ; 0    ; 0            ; |cronometro|sld_signaltap:auto_signaltap_0|sld_signaltap_impl:sld_signaltap_body|sld_signaltap_implb:sld_signaltap_body|sld_ela_control:ela_control|sld_ela_trigger:\multi_level_advanced_trigger_gen:advanced_trigger_wrapper|sld_ela_trigger_g2p:auto_generated|sld_reserved_cronometro_auto_signaltap_0_1_21bc:mgl_prim1|lpm_shiftreg:config_shiftreg_11                                         ; lpm_shiftreg                                    ; work         ;
;                         |lpm_shiftreg:config_shiftreg_13|                                                                               ; 0 (0)               ; 3 (3)                     ; 0           ; 0            ; 0       ; 0         ; 0    ; 0            ; |cronometro|sld_signaltap:auto_signaltap_0|sld_signaltap_impl:sld_signaltap_body|sld_signaltap_implb:sld_signaltap_body|sld_ela_control:ela_control|sld_ela_trigger:\multi_level_advanced_trigger_gen:advanced_trigger_wrapper|sld_ela_trigger_g2p:auto_generated|sld_reserved_cronometro_auto_signaltap_0_1_21bc:mgl_prim1|lpm_shiftreg:config_shiftreg_13                                         ; lpm_shiftreg                                    ; work         ;
;                         |lpm_shiftreg:config_shiftreg_14|                                                                               ; 0 (0)               ; 1 (1)                     ; 0           ; 0            ; 0       ; 0         ; 0    ; 0            ; |cronometro|sld_signaltap:auto_signaltap_0|sld_signaltap_impl:sld_signaltap_body|sld_signaltap_implb:sld_signaltap_body|sld_ela_control:ela_control|sld_ela_trigger:\multi_level_advanced_trigger_gen:advanced_trigger_wrapper|sld_ela_trigger_g2p:auto_generated|sld_reserved_cronometro_auto_signaltap_0_1_21bc:mgl_prim1|lpm_shiftreg:config_shiftreg_14                                         ; lpm_shiftreg                                    ; work         ;
;                         |lpm_shiftreg:config_shiftreg_16|                                                                               ; 0 (0)               ; 3 (3)                     ; 0           ; 0            ; 0       ; 0         ; 0    ; 0            ; |cronometro|sld_signaltap:auto_signaltap_0|sld_signaltap_impl:sld_signaltap_body|sld_signaltap_implb:sld_signaltap_body|sld_ela_control:ela_control|sld_ela_trigger:\multi_level_advanced_trigger_gen:advanced_trigger_wrapper|sld_ela_trigger_g2p:auto_generated|sld_reserved_cronometro_auto_signaltap_0_1_21bc:mgl_prim1|lpm_shiftreg:config_shiftreg_16                                         ; lpm_shiftreg                                    ; work         ;
;                         |lpm_shiftreg:config_shiftreg_17|                                                                               ; 0 (0)               ; 1 (1)                     ; 0           ; 0            ; 0       ; 0         ; 0    ; 0            ; |cronometro|sld_signaltap:auto_signaltap_0|sld_signaltap_impl:sld_signaltap_body|sld_signaltap_implb:sld_signaltap_body|sld_ela_control:ela_control|sld_ela_trigger:\multi_level_advanced_trigger_gen:advanced_trigger_wrapper|sld_ela_trigger_g2p:auto_generated|sld_reserved_cronometro_auto_signaltap_0_1_21bc:mgl_prim1|lpm_shiftreg:config_shiftreg_17                                         ; lpm_shiftreg                                    ; work         ;
;                         |lpm_shiftreg:config_shiftreg_19|                                                                               ; 0 (0)               ; 3 (3)                     ; 0           ; 0            ; 0       ; 0         ; 0    ; 0            ; |cronometro|sld_signaltap:auto_signaltap_0|sld_signaltap_impl:sld_signaltap_body|sld_signaltap_implb:sld_signaltap_body|sld_ela_control:ela_control|sld_ela_trigger:\multi_level_advanced_trigger_gen:advanced_trigger_wrapper|sld_ela_trigger_g2p:auto_generated|sld_reserved_cronometro_auto_signaltap_0_1_21bc:mgl_prim1|lpm_shiftreg:config_shiftreg_19                                         ; lpm_shiftreg                                    ; work         ;
;                         |lpm_shiftreg:config_shiftreg_20|                                                                               ; 0 (0)               ; 1 (1)                     ; 0           ; 0            ; 0       ; 0         ; 0    ; 0            ; |cronometro|sld_signaltap:auto_signaltap_0|sld_signaltap_impl:sld_signaltap_body|sld_signaltap_implb:sld_signaltap_body|sld_ela_control:ela_control|sld_ela_trigger:\multi_level_advanced_trigger_gen:advanced_trigger_wrapper|sld_ela_trigger_g2p:auto_generated|sld_reserved_cronometro_auto_signaltap_0_1_21bc:mgl_prim1|lpm_shiftreg:config_shiftreg_20                                         ; lpm_shiftreg                                    ; work         ;
;                         |lpm_shiftreg:config_shiftreg_22|                                                                               ; 0 (0)               ; 3 (3)                     ; 0           ; 0            ; 0       ; 0         ; 0    ; 0            ; |cronometro|sld_signaltap:auto_signaltap_0|sld_signaltap_impl:sld_signaltap_body|sld_signaltap_implb:sld_signaltap_body|sld_ela_control:ela_control|sld_ela_trigger:\multi_level_advanced_trigger_gen:advanced_trigger_wrapper|sld_ela_trigger_g2p:auto_generated|sld_reserved_cronometro_auto_signaltap_0_1_21bc:mgl_prim1|lpm_shiftreg:config_shiftreg_22                                         ; lpm_shiftreg                                    ; work         ;
;                         |lpm_shiftreg:config_shiftreg_23|                                                                               ; 0 (0)               ; 1 (1)                     ; 0           ; 0            ; 0       ; 0         ; 0    ; 0            ; |cronometro|sld_signaltap:auto_signaltap_0|sld_signaltap_impl:sld_signaltap_body|sld_signaltap_implb:sld_signaltap_body|sld_ela_control:ela_control|sld_ela_trigger:\multi_level_advanced_trigger_gen:advanced_trigger_wrapper|sld_ela_trigger_g2p:auto_generated|sld_reserved_cronometro_auto_signaltap_0_1_21bc:mgl_prim1|lpm_shiftreg:config_shiftreg_23                                         ; lpm_shiftreg                                    ; work         ;
;                         |lpm_shiftreg:config_shiftreg_25|                                                                               ; 0 (0)               ; 3 (3)                     ; 0           ; 0            ; 0       ; 0         ; 0    ; 0            ; |cronometro|sld_signaltap:auto_signaltap_0|sld_signaltap_impl:sld_signaltap_body|sld_signaltap_implb:sld_signaltap_body|sld_ela_control:ela_control|sld_ela_trigger:\multi_level_advanced_trigger_gen:advanced_trigger_wrapper|sld_ela_trigger_g2p:auto_generated|sld_reserved_cronometro_auto_signaltap_0_1_21bc:mgl_prim1|lpm_shiftreg:config_shiftreg_25                                         ; lpm_shiftreg                                    ; work         ;
;                         |lpm_shiftreg:config_shiftreg_26|                                                                               ; 0 (0)               ; 1 (1)                     ; 0           ; 0            ; 0       ; 0         ; 0    ; 0            ; |cronometro|sld_signaltap:auto_signaltap_0|sld_signaltap_impl:sld_signaltap_body|sld_signaltap_implb:sld_signaltap_body|sld_ela_control:ela_control|sld_ela_trigger:\multi_level_advanced_trigger_gen:advanced_trigger_wrapper|sld_ela_trigger_g2p:auto_generated|sld_reserved_cronometro_auto_signaltap_0_1_21bc:mgl_prim1|lpm_shiftreg:config_shiftreg_26                                         ; lpm_shiftreg                                    ; work         ;
;                         |lpm_shiftreg:config_shiftreg_27|                                                                               ; 0 (0)               ; 3 (3)                     ; 0           ; 0            ; 0       ; 0         ; 0    ; 0            ; |cronometro|sld_signaltap:auto_signaltap_0|sld_signaltap_impl:sld_signaltap_body|sld_signaltap_implb:sld_signaltap_body|sld_ela_control:ela_control|sld_ela_trigger:\multi_level_advanced_trigger_gen:advanced_trigger_wrapper|sld_ela_trigger_g2p:auto_generated|sld_reserved_cronometro_auto_signaltap_0_1_21bc:mgl_prim1|lpm_shiftreg:config_shiftreg_27                                         ; lpm_shiftreg                                    ; work         ;
;                         |lpm_shiftreg:config_shiftreg_30|                                                                               ; 0 (0)               ; 3 (3)                     ; 0           ; 0            ; 0       ; 0         ; 0    ; 0            ; |cronometro|sld_signaltap:auto_signaltap_0|sld_signaltap_impl:sld_signaltap_body|sld_signaltap_implb:sld_signaltap_body|sld_ela_control:ela_control|sld_ela_trigger:\multi_level_advanced_trigger_gen:advanced_trigger_wrapper|sld_ela_trigger_g2p:auto_generated|sld_reserved_cronometro_auto_signaltap_0_1_21bc:mgl_prim1|lpm_shiftreg:config_shiftreg_30                                         ; lpm_shiftreg                                    ; work         ;
;                         |lpm_shiftreg:config_shiftreg_31|                                                                               ; 0 (0)               ; 1 (1)                     ; 0           ; 0            ; 0       ; 0         ; 0    ; 0            ; |cronometro|sld_signaltap:auto_signaltap_0|sld_signaltap_impl:sld_signaltap_body|sld_signaltap_implb:sld_signaltap_body|sld_ela_control:ela_control|sld_ela_trigger:\multi_level_advanced_trigger_gen:advanced_trigger_wrapper|sld_ela_trigger_g2p:auto_generated|sld_reserved_cronometro_auto_signaltap_0_1_21bc:mgl_prim1|lpm_shiftreg:config_shiftreg_31                                         ; lpm_shiftreg                                    ; work         ;
;                         |lpm_shiftreg:config_shiftreg_33|                                                                               ; 0 (0)               ; 3 (3)                     ; 0           ; 0            ; 0       ; 0         ; 0    ; 0            ; |cronometro|sld_signaltap:auto_signaltap_0|sld_signaltap_impl:sld_signaltap_body|sld_signaltap_implb:sld_signaltap_body|sld_ela_control:ela_control|sld_ela_trigger:\multi_level_advanced_trigger_gen:advanced_trigger_wrapper|sld_ela_trigger_g2p:auto_generated|sld_reserved_cronometro_auto_signaltap_0_1_21bc:mgl_prim1|lpm_shiftreg:config_shiftreg_33                                         ; lpm_shiftreg                                    ; work         ;
;                         |lpm_shiftreg:config_shiftreg_34|                                                                               ; 0 (0)               ; 1 (1)                     ; 0           ; 0            ; 0       ; 0         ; 0    ; 0            ; |cronometro|sld_signaltap:auto_signaltap_0|sld_signaltap_impl:sld_signaltap_body|sld_signaltap_implb:sld_signaltap_body|sld_ela_control:ela_control|sld_ela_trigger:\multi_level_advanced_trigger_gen:advanced_trigger_wrapper|sld_ela_trigger_g2p:auto_generated|sld_reserved_cronometro_auto_signaltap_0_1_21bc:mgl_prim1|lpm_shiftreg:config_shiftreg_34                                         ; lpm_shiftreg                                    ; work         ;
;                         |lpm_shiftreg:config_shiftreg_36|                                                                               ; 0 (0)               ; 3 (3)                     ; 0           ; 0            ; 0       ; 0         ; 0    ; 0            ; |cronometro|sld_signaltap:auto_signaltap_0|sld_signaltap_impl:sld_signaltap_body|sld_signaltap_implb:sld_signaltap_body|sld_ela_control:ela_control|sld_ela_trigger:\multi_level_advanced_trigger_gen:advanced_trigger_wrapper|sld_ela_trigger_g2p:auto_generated|sld_reserved_cronometro_auto_signaltap_0_1_21bc:mgl_prim1|lpm_shiftreg:config_shiftreg_36                                         ; lpm_shiftreg                                    ; work         ;
;                         |lpm_shiftreg:config_shiftreg_37|                                                                               ; 0 (0)               ; 1 (1)                     ; 0           ; 0            ; 0       ; 0         ; 0    ; 0            ; |cronometro|sld_signaltap:auto_signaltap_0|sld_signaltap_impl:sld_signaltap_body|sld_signaltap_implb:sld_signaltap_body|sld_ela_control:ela_control|sld_ela_trigger:\multi_level_advanced_trigger_gen:advanced_trigger_wrapper|sld_ela_trigger_g2p:auto_generated|sld_reserved_cronometro_auto_signaltap_0_1_21bc:mgl_prim1|lpm_shiftreg:config_shiftreg_37                                         ; lpm_shiftreg                                    ; work         ;
;                         |lpm_shiftreg:config_shiftreg_39|                                                                               ; 0 (0)               ; 3 (3)                     ; 0           ; 0            ; 0       ; 0         ; 0    ; 0            ; |cronometro|sld_signaltap:auto_signaltap_0|sld_signaltap_impl:sld_signaltap_body|sld_signaltap_implb:sld_signaltap_body|sld_ela_control:ela_control|sld_ela_trigger:\multi_level_advanced_trigger_gen:advanced_trigger_wrapper|sld_ela_trigger_g2p:auto_generated|sld_reserved_cronometro_auto_signaltap_0_1_21bc:mgl_prim1|lpm_shiftreg:config_shiftreg_39                                         ; lpm_shiftreg                                    ; work         ;
;                         |lpm_shiftreg:config_shiftreg_40|                                                                               ; 0 (0)               ; 1 (1)                     ; 0           ; 0            ; 0       ; 0         ; 0    ; 0            ; |cronometro|sld_signaltap:auto_signaltap_0|sld_signaltap_impl:sld_signaltap_body|sld_signaltap_implb:sld_signaltap_body|sld_ela_control:ela_control|sld_ela_trigger:\multi_level_advanced_trigger_gen:advanced_trigger_wrapper|sld_ela_trigger_g2p:auto_generated|sld_reserved_cronometro_auto_signaltap_0_1_21bc:mgl_prim1|lpm_shiftreg:config_shiftreg_40                                         ; lpm_shiftreg                                    ; work         ;
;                         |lpm_shiftreg:config_shiftreg_42|                                                                               ; 0 (0)               ; 3 (3)                     ; 0           ; 0            ; 0       ; 0         ; 0    ; 0            ; |cronometro|sld_signaltap:auto_signaltap_0|sld_signaltap_impl:sld_signaltap_body|sld_signaltap_implb:sld_signaltap_body|sld_ela_control:ela_control|sld_ela_trigger:\multi_level_advanced_trigger_gen:advanced_trigger_wrapper|sld_ela_trigger_g2p:auto_generated|sld_reserved_cronometro_auto_signaltap_0_1_21bc:mgl_prim1|lpm_shiftreg:config_shiftreg_42                                         ; lpm_shiftreg                                    ; work         ;
;                         |lpm_shiftreg:config_shiftreg_43|                                                                               ; 0 (0)               ; 1 (1)                     ; 0           ; 0            ; 0       ; 0         ; 0    ; 0            ; |cronometro|sld_signaltap:auto_signaltap_0|sld_signaltap_impl:sld_signaltap_body|sld_signaltap_implb:sld_signaltap_body|sld_ela_control:ela_control|sld_ela_trigger:\multi_level_advanced_trigger_gen:advanced_trigger_wrapper|sld_ela_trigger_g2p:auto_generated|sld_reserved_cronometro_auto_signaltap_0_1_21bc:mgl_prim1|lpm_shiftreg:config_shiftreg_43                                         ; lpm_shiftreg                                    ; work         ;
;                         |lpm_shiftreg:config_shiftreg_45|                                                                               ; 0 (0)               ; 3 (3)                     ; 0           ; 0            ; 0       ; 0         ; 0    ; 0            ; |cronometro|sld_signaltap:auto_signaltap_0|sld_signaltap_impl:sld_signaltap_body|sld_signaltap_implb:sld_signaltap_body|sld_ela_control:ela_control|sld_ela_trigger:\multi_level_advanced_trigger_gen:advanced_trigger_wrapper|sld_ela_trigger_g2p:auto_generated|sld_reserved_cronometro_auto_signaltap_0_1_21bc:mgl_prim1|lpm_shiftreg:config_shiftreg_45                                         ; lpm_shiftreg                                    ; work         ;
;                         |lpm_shiftreg:config_shiftreg_46|                                                                               ; 0 (0)               ; 1 (1)                     ; 0           ; 0            ; 0       ; 0         ; 0    ; 0            ; |cronometro|sld_signaltap:auto_signaltap_0|sld_signaltap_impl:sld_signaltap_body|sld_signaltap_implb:sld_signaltap_body|sld_ela_control:ela_control|sld_ela_trigger:\multi_level_advanced_trigger_gen:advanced_trigger_wrapper|sld_ela_trigger_g2p:auto_generated|sld_reserved_cronometro_auto_signaltap_0_1_21bc:mgl_prim1|lpm_shiftreg:config_shiftreg_46                                         ; lpm_shiftreg                                    ; work         ;
;                         |lpm_shiftreg:config_shiftreg_48|                                                                               ; 0 (0)               ; 3 (3)                     ; 0           ; 0            ; 0       ; 0         ; 0    ; 0            ; |cronometro|sld_signaltap:auto_signaltap_0|sld_signaltap_impl:sld_signaltap_body|sld_signaltap_implb:sld_signaltap_body|sld_ela_control:ela_control|sld_ela_trigger:\multi_level_advanced_trigger_gen:advanced_trigger_wrapper|sld_ela_trigger_g2p:auto_generated|sld_reserved_cronometro_auto_signaltap_0_1_21bc:mgl_prim1|lpm_shiftreg:config_shiftreg_48                                         ; lpm_shiftreg                                    ; work         ;
;                         |lpm_shiftreg:config_shiftreg_49|                                                                               ; 0 (0)               ; 1 (1)                     ; 0           ; 0            ; 0       ; 0         ; 0    ; 0            ; |cronometro|sld_signaltap:auto_signaltap_0|sld_signaltap_impl:sld_signaltap_body|sld_signaltap_implb:sld_signaltap_body|sld_ela_control:ela_control|sld_ela_trigger:\multi_level_advanced_trigger_gen:advanced_trigger_wrapper|sld_ela_trigger_g2p:auto_generated|sld_reserved_cronometro_auto_signaltap_0_1_21bc:mgl_prim1|lpm_shiftreg:config_shiftreg_49                                         ; lpm_shiftreg                                    ; work         ;
;                         |lpm_shiftreg:config_shiftreg_4|                                                                                ; 0 (0)               ; 3 (3)                     ; 0           ; 0            ; 0       ; 0         ; 0    ; 0            ; |cronometro|sld_signaltap:auto_signaltap_0|sld_signaltap_impl:sld_signaltap_body|sld_signaltap_implb:sld_signaltap_body|sld_ela_control:ela_control|sld_ela_trigger:\multi_level_advanced_trigger_gen:advanced_trigger_wrapper|sld_ela_trigger_g2p:auto_generated|sld_reserved_cronometro_auto_signaltap_0_1_21bc:mgl_prim1|lpm_shiftreg:config_shiftreg_4                                          ; lpm_shiftreg                                    ; work         ;
;                         |lpm_shiftreg:config_shiftreg_51|                                                                               ; 0 (0)               ; 3 (3)                     ; 0           ; 0            ; 0       ; 0         ; 0    ; 0            ; |cronometro|sld_signaltap:auto_signaltap_0|sld_signaltap_impl:sld_signaltap_body|sld_signaltap_implb:sld_signaltap_body|sld_ela_control:ela_control|sld_ela_trigger:\multi_level_advanced_trigger_gen:advanced_trigger_wrapper|sld_ela_trigger_g2p:auto_generated|sld_reserved_cronometro_auto_signaltap_0_1_21bc:mgl_prim1|lpm_shiftreg:config_shiftreg_51                                         ; lpm_shiftreg                                    ; work         ;
;                         |lpm_shiftreg:config_shiftreg_52|                                                                               ; 0 (0)               ; 1 (1)                     ; 0           ; 0            ; 0       ; 0         ; 0    ; 0            ; |cronometro|sld_signaltap:auto_signaltap_0|sld_signaltap_impl:sld_signaltap_body|sld_signaltap_implb:sld_signaltap_body|sld_ela_control:ela_control|sld_ela_trigger:\multi_level_advanced_trigger_gen:advanced_trigger_wrapper|sld_ela_trigger_g2p:auto_generated|sld_reserved_cronometro_auto_signaltap_0_1_21bc:mgl_prim1|lpm_shiftreg:config_shiftreg_52                                         ; lpm_shiftreg                                    ; work         ;
;                         |lpm_shiftreg:config_shiftreg_53|                                                                               ; 0 (0)               ; 3 (3)                     ; 0           ; 0            ; 0       ; 0         ; 0    ; 0            ; |cronometro|sld_signaltap:auto_signaltap_0|sld_signaltap_impl:sld_signaltap_body|sld_signaltap_implb:sld_signaltap_body|sld_ela_control:ela_control|sld_ela_trigger:\multi_level_advanced_trigger_gen:advanced_trigger_wrapper|sld_ela_trigger_g2p:auto_generated|sld_reserved_cronometro_auto_signaltap_0_1_21bc:mgl_prim1|lpm_shiftreg:config_shiftreg_53                                         ; lpm_shiftreg                                    ; work         ;
;                         |lpm_shiftreg:config_shiftreg_55|                                                                               ; 0 (0)               ; 3 (3)                     ; 0           ; 0            ; 0       ; 0         ; 0    ; 0            ; |cronometro|sld_signaltap:auto_signaltap_0|sld_signaltap_impl:sld_signaltap_body|sld_signaltap_implb:sld_signaltap_body|sld_ela_control:ela_control|sld_ela_trigger:\multi_level_advanced_trigger_gen:advanced_trigger_wrapper|sld_ela_trigger_g2p:auto_generated|sld_reserved_cronometro_auto_signaltap_0_1_21bc:mgl_prim1|lpm_shiftreg:config_shiftreg_55                                         ; lpm_shiftreg                                    ; work         ;
;                         |lpm_shiftreg:config_shiftreg_56|                                                                               ; 0 (0)               ; 1 (1)                     ; 0           ; 0            ; 0       ; 0         ; 0    ; 0            ; |cronometro|sld_signaltap:auto_signaltap_0|sld_signaltap_impl:sld_signaltap_body|sld_signaltap_implb:sld_signaltap_body|sld_ela_control:ela_control|sld_ela_trigger:\multi_level_advanced_trigger_gen:advanced_trigger_wrapper|sld_ela_trigger_g2p:auto_generated|sld_reserved_cronometro_auto_signaltap_0_1_21bc:mgl_prim1|lpm_shiftreg:config_shiftreg_56                                         ; lpm_shiftreg                                    ; work         ;
;                         |lpm_shiftreg:config_shiftreg_58|                                                                               ; 0 (0)               ; 3 (3)                     ; 0           ; 0            ; 0       ; 0         ; 0    ; 0            ; |cronometro|sld_signaltap:auto_signaltap_0|sld_signaltap_impl:sld_signaltap_body|sld_signaltap_implb:sld_signaltap_body|sld_ela_control:ela_control|sld_ela_trigger:\multi_level_advanced_trigger_gen:advanced_trigger_wrapper|sld_ela_trigger_g2p:auto_generated|sld_reserved_cronometro_auto_signaltap_0_1_21bc:mgl_prim1|lpm_shiftreg:config_shiftreg_58                                         ; lpm_shiftreg                                    ; work         ;
;                         |lpm_shiftreg:config_shiftreg_59|                                                                               ; 0 (0)               ; 1 (1)                     ; 0           ; 0            ; 0       ; 0         ; 0    ; 0            ; |cronometro|sld_signaltap:auto_signaltap_0|sld_signaltap_impl:sld_signaltap_body|sld_signaltap_implb:sld_signaltap_body|sld_ela_control:ela_control|sld_ela_trigger:\multi_level_advanced_trigger_gen:advanced_trigger_wrapper|sld_ela_trigger_g2p:auto_generated|sld_reserved_cronometro_auto_signaltap_0_1_21bc:mgl_prim1|lpm_shiftreg:config_shiftreg_59                                         ; lpm_shiftreg                                    ; work         ;
;                         |lpm_shiftreg:config_shiftreg_5|                                                                                ; 0 (0)               ; 1 (1)                     ; 0           ; 0            ; 0       ; 0         ; 0    ; 0            ; |cronometro|sld_signaltap:auto_signaltap_0|sld_signaltap_impl:sld_signaltap_body|sld_signaltap_implb:sld_signaltap_body|sld_ela_control:ela_control|sld_ela_trigger:\multi_level_advanced_trigger_gen:advanced_trigger_wrapper|sld_ela_trigger_g2p:auto_generated|sld_reserved_cronometro_auto_signaltap_0_1_21bc:mgl_prim1|lpm_shiftreg:config_shiftreg_5                                          ; lpm_shiftreg                                    ; work         ;
;                         |lpm_shiftreg:config_shiftreg_61|                                                                               ; 0 (0)               ; 3 (3)                     ; 0           ; 0            ; 0       ; 0         ; 0    ; 0            ; |cronometro|sld_signaltap:auto_signaltap_0|sld_signaltap_impl:sld_signaltap_body|sld_signaltap_implb:sld_signaltap_body|sld_ela_control:ela_control|sld_ela_trigger:\multi_level_advanced_trigger_gen:advanced_trigger_wrapper|sld_ela_trigger_g2p:auto_generated|sld_reserved_cronometro_auto_signaltap_0_1_21bc:mgl_prim1|lpm_shiftreg:config_shiftreg_61                                         ; lpm_shiftreg                                    ; work         ;
;                         |lpm_shiftreg:config_shiftreg_62|                                                                               ; 0 (0)               ; 1 (1)                     ; 0           ; 0            ; 0       ; 0         ; 0    ; 0            ; |cronometro|sld_signaltap:auto_signaltap_0|sld_signaltap_impl:sld_signaltap_body|sld_signaltap_implb:sld_signaltap_body|sld_ela_control:ela_control|sld_ela_trigger:\multi_level_advanced_trigger_gen:advanced_trigger_wrapper|sld_ela_trigger_g2p:auto_generated|sld_reserved_cronometro_auto_signaltap_0_1_21bc:mgl_prim1|lpm_shiftreg:config_shiftreg_62                                         ; lpm_shiftreg                                    ; work         ;
;                         |lpm_shiftreg:config_shiftreg_64|                                                                               ; 0 (0)               ; 3 (3)                     ; 0           ; 0            ; 0       ; 0         ; 0    ; 0            ; |cronometro|sld_signaltap:auto_signaltap_0|sld_signaltap_impl:sld_signaltap_body|sld_signaltap_implb:sld_signaltap_body|sld_ela_control:ela_control|sld_ela_trigger:\multi_level_advanced_trigger_gen:advanced_trigger_wrapper|sld_ela_trigger_g2p:auto_generated|sld_reserved_cronometro_auto_signaltap_0_1_21bc:mgl_prim1|lpm_shiftreg:config_shiftreg_64                                         ; lpm_shiftreg                                    ; work         ;
;                         |lpm_shiftreg:config_shiftreg_65|                                                                               ; 0 (0)               ; 1 (1)                     ; 0           ; 0            ; 0       ; 0         ; 0    ; 0            ; |cronometro|sld_signaltap:auto_signaltap_0|sld_signaltap_impl:sld_signaltap_body|sld_signaltap_implb:sld_signaltap_body|sld_ela_control:ela_control|sld_ela_trigger:\multi_level_advanced_trigger_gen:advanced_trigger_wrapper|sld_ela_trigger_g2p:auto_generated|sld_reserved_cronometro_auto_signaltap_0_1_21bc:mgl_prim1|lpm_shiftreg:config_shiftreg_65                                         ; lpm_shiftreg                                    ; work         ;
;                         |lpm_shiftreg:config_shiftreg_66|                                                                               ; 0 (0)               ; 3 (3)                     ; 0           ; 0            ; 0       ; 0         ; 0    ; 0            ; |cronometro|sld_signaltap:auto_signaltap_0|sld_signaltap_impl:sld_signaltap_body|sld_signaltap_implb:sld_signaltap_body|sld_ela_control:ela_control|sld_ela_trigger:\multi_level_advanced_trigger_gen:advanced_trigger_wrapper|sld_ela_trigger_g2p:auto_generated|sld_reserved_cronometro_auto_signaltap_0_1_21bc:mgl_prim1|lpm_shiftreg:config_shiftreg_66                                         ; lpm_shiftreg                                    ; work         ;
;                         |lpm_shiftreg:config_shiftreg_7|                                                                                ; 0 (0)               ; 3 (3)                     ; 0           ; 0            ; 0       ; 0         ; 0    ; 0            ; |cronometro|sld_signaltap:auto_signaltap_0|sld_signaltap_impl:sld_signaltap_body|sld_signaltap_implb:sld_signaltap_body|sld_ela_control:ela_control|sld_ela_trigger:\multi_level_advanced_trigger_gen:advanced_trigger_wrapper|sld_ela_trigger_g2p:auto_generated|sld_reserved_cronometro_auto_signaltap_0_1_21bc:mgl_prim1|lpm_shiftreg:config_shiftreg_7                                          ; lpm_shiftreg                                    ; work         ;
;                         |lpm_shiftreg:config_shiftreg_8|                                                                                ; 0 (0)               ; 1 (1)                     ; 0           ; 0            ; 0       ; 0         ; 0    ; 0            ; |cronometro|sld_signaltap:auto_signaltap_0|sld_signaltap_impl:sld_signaltap_body|sld_signaltap_implb:sld_signaltap_body|sld_ela_control:ela_control|sld_ela_trigger:\multi_level_advanced_trigger_gen:advanced_trigger_wrapper|sld_ela_trigger_g2p:auto_generated|sld_reserved_cronometro_auto_signaltap_0_1_21bc:mgl_prim1|lpm_shiftreg:config_shiftreg_8                                          ; lpm_shiftreg                                    ; work         ;
;                         |sld_alt_reduction:unary_1|                                                                                     ; 11 (11)             ; 0 (0)                     ; 0           ; 0            ; 0       ; 0         ; 0    ; 0            ; |cronometro|sld_signaltap:auto_signaltap_0|sld_signaltap_impl:sld_signaltap_body|sld_signaltap_implb:sld_signaltap_body|sld_ela_control:ela_control|sld_ela_trigger:\multi_level_advanced_trigger_gen:advanced_trigger_wrapper|sld_ela_trigger_g2p:auto_generated|sld_reserved_cronometro_auto_signaltap_0_1_21bc:mgl_prim1|sld_alt_reduction:unary_1                                               ; sld_alt_reduction                               ; work         ;
;                         |sld_alt_reduction:unary_28|                                                                                    ; 12 (12)             ; 0 (0)                     ; 0           ; 0            ; 0       ; 0         ; 0    ; 0            ; |cronometro|sld_signaltap:auto_signaltap_0|sld_signaltap_impl:sld_signaltap_body|sld_signaltap_implb:sld_signaltap_body|sld_ela_control:ela_control|sld_ela_trigger:\multi_level_advanced_trigger_gen:advanced_trigger_wrapper|sld_ela_trigger_g2p:auto_generated|sld_reserved_cronometro_auto_signaltap_0_1_21bc:mgl_prim1|sld_alt_reduction:unary_28                                              ; sld_alt_reduction                               ; work         ;
;                         |sld_alt_reduction:unary_2|                                                                                     ; 10 (10)             ; 0 (0)                     ; 0           ; 0            ; 0       ; 0         ; 0    ; 0            ; |cronometro|sld_signaltap:auto_signaltap_0|sld_signaltap_impl:sld_signaltap_body|sld_signaltap_implb:sld_signaltap_body|sld_ela_control:ela_control|sld_ela_trigger:\multi_level_advanced_trigger_gen:advanced_trigger_wrapper|sld_ela_trigger_g2p:auto_generated|sld_reserved_cronometro_auto_signaltap_0_1_21bc:mgl_prim1|sld_alt_reduction:unary_2                                               ; sld_alt_reduction                               ; work         ;
;                         |sld_mbpmg:mbpm_12|                                                                                             ; 0 (0)               ; 1 (0)                     ; 0           ; 0            ; 0       ; 0         ; 0    ; 0            ; |cronometro|sld_signaltap:auto_signaltap_0|sld_signaltap_impl:sld_signaltap_body|sld_signaltap_implb:sld_signaltap_body|sld_ela_control:ela_control|sld_ela_trigger:\multi_level_advanced_trigger_gen:advanced_trigger_wrapper|sld_ela_trigger_g2p:auto_generated|sld_reserved_cronometro_auto_signaltap_0_1_21bc:mgl_prim1|sld_mbpmg:mbpm_12                                                       ; sld_mbpmg                                       ; work         ;
;                            |sld_sbpmg:\gen_sbpmg_pipeline_less_than_two:sm0:0:sm1|                                                      ; 0 (0)               ; 1 (1)                     ; 0           ; 0            ; 0       ; 0         ; 0    ; 0            ; |cronometro|sld_signaltap:auto_signaltap_0|sld_signaltap_impl:sld_signaltap_body|sld_signaltap_implb:sld_signaltap_body|sld_ela_control:ela_control|sld_ela_trigger:\multi_level_advanced_trigger_gen:advanced_trigger_wrapper|sld_ela_trigger_g2p:auto_generated|sld_reserved_cronometro_auto_signaltap_0_1_21bc:mgl_prim1|sld_mbpmg:mbpm_12|sld_sbpmg:\gen_sbpmg_pipeline_less_than_two:sm0:0:sm1 ; sld_sbpmg                                       ; work         ;
;                         |sld_mbpmg:mbpm_15|                                                                                             ; 0 (0)               ; 1 (0)                     ; 0           ; 0            ; 0       ; 0         ; 0    ; 0            ; |cronometro|sld_signaltap:auto_signaltap_0|sld_signaltap_impl:sld_signaltap_body|sld_signaltap_implb:sld_signaltap_body|sld_ela_control:ela_control|sld_ela_trigger:\multi_level_advanced_trigger_gen:advanced_trigger_wrapper|sld_ela_trigger_g2p:auto_generated|sld_reserved_cronometro_auto_signaltap_0_1_21bc:mgl_prim1|sld_mbpmg:mbpm_15                                                       ; sld_mbpmg                                       ; work         ;
;                            |sld_sbpmg:\gen_sbpmg_pipeline_less_than_two:sm0:0:sm1|                                                      ; 0 (0)               ; 1 (1)                     ; 0           ; 0            ; 0       ; 0         ; 0    ; 0            ; |cronometro|sld_signaltap:auto_signaltap_0|sld_signaltap_impl:sld_signaltap_body|sld_signaltap_implb:sld_signaltap_body|sld_ela_control:ela_control|sld_ela_trigger:\multi_level_advanced_trigger_gen:advanced_trigger_wrapper|sld_ela_trigger_g2p:auto_generated|sld_reserved_cronometro_auto_signaltap_0_1_21bc:mgl_prim1|sld_mbpmg:mbpm_15|sld_sbpmg:\gen_sbpmg_pipeline_less_than_two:sm0:0:sm1 ; sld_sbpmg                                       ; work         ;
;                         |sld_mbpmg:mbpm_18|                                                                                             ; 0 (0)               ; 1 (0)                     ; 0           ; 0            ; 0       ; 0         ; 0    ; 0            ; |cronometro|sld_signaltap:auto_signaltap_0|sld_signaltap_impl:sld_signaltap_body|sld_signaltap_implb:sld_signaltap_body|sld_ela_control:ela_control|sld_ela_trigger:\multi_level_advanced_trigger_gen:advanced_trigger_wrapper|sld_ela_trigger_g2p:auto_generated|sld_reserved_cronometro_auto_signaltap_0_1_21bc:mgl_prim1|sld_mbpmg:mbpm_18                                                       ; sld_mbpmg                                       ; work         ;
;                            |sld_sbpmg:\gen_sbpmg_pipeline_less_than_two:sm0:0:sm1|                                                      ; 0 (0)               ; 1 (1)                     ; 0           ; 0            ; 0       ; 0         ; 0    ; 0            ; |cronometro|sld_signaltap:auto_signaltap_0|sld_signaltap_impl:sld_signaltap_body|sld_signaltap_implb:sld_signaltap_body|sld_ela_control:ela_control|sld_ela_trigger:\multi_level_advanced_trigger_gen:advanced_trigger_wrapper|sld_ela_trigger_g2p:auto_generated|sld_reserved_cronometro_auto_signaltap_0_1_21bc:mgl_prim1|sld_mbpmg:mbpm_18|sld_sbpmg:\gen_sbpmg_pipeline_less_than_two:sm0:0:sm1 ; sld_sbpmg                                       ; work         ;
;                         |sld_mbpmg:mbpm_21|                                                                                             ; 0 (0)               ; 1 (0)                     ; 0           ; 0            ; 0       ; 0         ; 0    ; 0            ; |cronometro|sld_signaltap:auto_signaltap_0|sld_signaltap_impl:sld_signaltap_body|sld_signaltap_implb:sld_signaltap_body|sld_ela_control:ela_control|sld_ela_trigger:\multi_level_advanced_trigger_gen:advanced_trigger_wrapper|sld_ela_trigger_g2p:auto_generated|sld_reserved_cronometro_auto_signaltap_0_1_21bc:mgl_prim1|sld_mbpmg:mbpm_21                                                       ; sld_mbpmg                                       ; work         ;
;                            |sld_sbpmg:\gen_sbpmg_pipeline_less_than_two:sm0:0:sm1|                                                      ; 0 (0)               ; 1 (1)                     ; 0           ; 0            ; 0       ; 0         ; 0    ; 0            ; |cronometro|sld_signaltap:auto_signaltap_0|sld_signaltap_impl:sld_signaltap_body|sld_signaltap_implb:sld_signaltap_body|sld_ela_control:ela_control|sld_ela_trigger:\multi_level_advanced_trigger_gen:advanced_trigger_wrapper|sld_ela_trigger_g2p:auto_generated|sld_reserved_cronometro_auto_signaltap_0_1_21bc:mgl_prim1|sld_mbpmg:mbpm_21|sld_sbpmg:\gen_sbpmg_pipeline_less_than_two:sm0:0:sm1 ; sld_sbpmg                                       ; work         ;
;                         |sld_mbpmg:mbpm_24|                                                                                             ; 0 (0)               ; 1 (0)                     ; 0           ; 0            ; 0       ; 0         ; 0    ; 0            ; |cronometro|sld_signaltap:auto_signaltap_0|sld_signaltap_impl:sld_signaltap_body|sld_signaltap_implb:sld_signaltap_body|sld_ela_control:ela_control|sld_ela_trigger:\multi_level_advanced_trigger_gen:advanced_trigger_wrapper|sld_ela_trigger_g2p:auto_generated|sld_reserved_cronometro_auto_signaltap_0_1_21bc:mgl_prim1|sld_mbpmg:mbpm_24                                                       ; sld_mbpmg                                       ; work         ;
;                            |sld_sbpmg:\gen_sbpmg_pipeline_less_than_two:sm0:0:sm1|                                                      ; 0 (0)               ; 1 (1)                     ; 0           ; 0            ; 0       ; 0         ; 0    ; 0            ; |cronometro|sld_signaltap:auto_signaltap_0|sld_signaltap_impl:sld_signaltap_body|sld_signaltap_implb:sld_signaltap_body|sld_ela_control:ela_control|sld_ela_trigger:\multi_level_advanced_trigger_gen:advanced_trigger_wrapper|sld_ela_trigger_g2p:auto_generated|sld_reserved_cronometro_auto_signaltap_0_1_21bc:mgl_prim1|sld_mbpmg:mbpm_24|sld_sbpmg:\gen_sbpmg_pipeline_less_than_two:sm0:0:sm1 ; sld_sbpmg                                       ; work         ;
;                         |sld_mbpmg:mbpm_29|                                                                                             ; 0 (0)               ; 1 (0)                     ; 0           ; 0            ; 0       ; 0         ; 0    ; 0            ; |cronometro|sld_signaltap:auto_signaltap_0|sld_signaltap_impl:sld_signaltap_body|sld_signaltap_implb:sld_signaltap_body|sld_ela_control:ela_control|sld_ela_trigger:\multi_level_advanced_trigger_gen:advanced_trigger_wrapper|sld_ela_trigger_g2p:auto_generated|sld_reserved_cronometro_auto_signaltap_0_1_21bc:mgl_prim1|sld_mbpmg:mbpm_29                                                       ; sld_mbpmg                                       ; work         ;
;                            |sld_sbpmg:\gen_sbpmg_pipeline_less_than_two:sm0:0:sm1|                                                      ; 0 (0)               ; 1 (1)                     ; 0           ; 0            ; 0       ; 0         ; 0    ; 0            ; |cronometro|sld_signaltap:auto_signaltap_0|sld_signaltap_impl:sld_signaltap_body|sld_signaltap_implb:sld_signaltap_body|sld_ela_control:ela_control|sld_ela_trigger:\multi_level_advanced_trigger_gen:advanced_trigger_wrapper|sld_ela_trigger_g2p:auto_generated|sld_reserved_cronometro_auto_signaltap_0_1_21bc:mgl_prim1|sld_mbpmg:mbpm_29|sld_sbpmg:\gen_sbpmg_pipeline_less_than_two:sm0:0:sm1 ; sld_sbpmg                                       ; work         ;
;                         |sld_mbpmg:mbpm_32|                                                                                             ; 0 (0)               ; 1 (0)                     ; 0           ; 0            ; 0       ; 0         ; 0    ; 0            ; |cronometro|sld_signaltap:auto_signaltap_0|sld_signaltap_impl:sld_signaltap_body|sld_signaltap_implb:sld_signaltap_body|sld_ela_control:ela_control|sld_ela_trigger:\multi_level_advanced_trigger_gen:advanced_trigger_wrapper|sld_ela_trigger_g2p:auto_generated|sld_reserved_cronometro_auto_signaltap_0_1_21bc:mgl_prim1|sld_mbpmg:mbpm_32                                                       ; sld_mbpmg                                       ; work         ;
;                            |sld_sbpmg:\gen_sbpmg_pipeline_less_than_two:sm0:0:sm1|                                                      ; 0 (0)               ; 1 (1)                     ; 0           ; 0            ; 0       ; 0         ; 0    ; 0            ; |cronometro|sld_signaltap:auto_signaltap_0|sld_signaltap_impl:sld_signaltap_body|sld_signaltap_implb:sld_signaltap_body|sld_ela_control:ela_control|sld_ela_trigger:\multi_level_advanced_trigger_gen:advanced_trigger_wrapper|sld_ela_trigger_g2p:auto_generated|sld_reserved_cronometro_auto_signaltap_0_1_21bc:mgl_prim1|sld_mbpmg:mbpm_32|sld_sbpmg:\gen_sbpmg_pipeline_less_than_two:sm0:0:sm1 ; sld_sbpmg                                       ; work         ;
;                         |sld_mbpmg:mbpm_35|                                                                                             ; 0 (0)               ; 1 (0)                     ; 0           ; 0            ; 0       ; 0         ; 0    ; 0            ; |cronometro|sld_signaltap:auto_signaltap_0|sld_signaltap_impl:sld_signaltap_body|sld_signaltap_implb:sld_signaltap_body|sld_ela_control:ela_control|sld_ela_trigger:\multi_level_advanced_trigger_gen:advanced_trigger_wrapper|sld_ela_trigger_g2p:auto_generated|sld_reserved_cronometro_auto_signaltap_0_1_21bc:mgl_prim1|sld_mbpmg:mbpm_35                                                       ; sld_mbpmg                                       ; work         ;
;                            |sld_sbpmg:\gen_sbpmg_pipeline_less_than_two:sm0:0:sm1|                                                      ; 0 (0)               ; 1 (1)                     ; 0           ; 0            ; 0       ; 0         ; 0    ; 0            ; |cronometro|sld_signaltap:auto_signaltap_0|sld_signaltap_impl:sld_signaltap_body|sld_signaltap_implb:sld_signaltap_body|sld_ela_control:ela_control|sld_ela_trigger:\multi_level_advanced_trigger_gen:advanced_trigger_wrapper|sld_ela_trigger_g2p:auto_generated|sld_reserved_cronometro_auto_signaltap_0_1_21bc:mgl_prim1|sld_mbpmg:mbpm_35|sld_sbpmg:\gen_sbpmg_pipeline_less_than_two:sm0:0:sm1 ; sld_sbpmg                                       ; work         ;
;                         |sld_mbpmg:mbpm_38|                                                                                             ; 0 (0)               ; 1 (0)                     ; 0           ; 0            ; 0       ; 0         ; 0    ; 0            ; |cronometro|sld_signaltap:auto_signaltap_0|sld_signaltap_impl:sld_signaltap_body|sld_signaltap_implb:sld_signaltap_body|sld_ela_control:ela_control|sld_ela_trigger:\multi_level_advanced_trigger_gen:advanced_trigger_wrapper|sld_ela_trigger_g2p:auto_generated|sld_reserved_cronometro_auto_signaltap_0_1_21bc:mgl_prim1|sld_mbpmg:mbpm_38                                                       ; sld_mbpmg                                       ; work         ;
;                            |sld_sbpmg:\gen_sbpmg_pipeline_less_than_two:sm0:0:sm1|                                                      ; 0 (0)               ; 1 (1)                     ; 0           ; 0            ; 0       ; 0         ; 0    ; 0            ; |cronometro|sld_signaltap:auto_signaltap_0|sld_signaltap_impl:sld_signaltap_body|sld_signaltap_implb:sld_signaltap_body|sld_ela_control:ela_control|sld_ela_trigger:\multi_level_advanced_trigger_gen:advanced_trigger_wrapper|sld_ela_trigger_g2p:auto_generated|sld_reserved_cronometro_auto_signaltap_0_1_21bc:mgl_prim1|sld_mbpmg:mbpm_38|sld_sbpmg:\gen_sbpmg_pipeline_less_than_two:sm0:0:sm1 ; sld_sbpmg                                       ; work         ;
;                         |sld_mbpmg:mbpm_3|                                                                                              ; 0 (0)               ; 1 (0)                     ; 0           ; 0            ; 0       ; 0         ; 0    ; 0            ; |cronometro|sld_signaltap:auto_signaltap_0|sld_signaltap_impl:sld_signaltap_body|sld_signaltap_implb:sld_signaltap_body|sld_ela_control:ela_control|sld_ela_trigger:\multi_level_advanced_trigger_gen:advanced_trigger_wrapper|sld_ela_trigger_g2p:auto_generated|sld_reserved_cronometro_auto_signaltap_0_1_21bc:mgl_prim1|sld_mbpmg:mbpm_3                                                        ; sld_mbpmg                                       ; work         ;
;                            |sld_sbpmg:\gen_sbpmg_pipeline_less_than_two:sm0:0:sm1|                                                      ; 0 (0)               ; 1 (1)                     ; 0           ; 0            ; 0       ; 0         ; 0    ; 0            ; |cronometro|sld_signaltap:auto_signaltap_0|sld_signaltap_impl:sld_signaltap_body|sld_signaltap_implb:sld_signaltap_body|sld_ela_control:ela_control|sld_ela_trigger:\multi_level_advanced_trigger_gen:advanced_trigger_wrapper|sld_ela_trigger_g2p:auto_generated|sld_reserved_cronometro_auto_signaltap_0_1_21bc:mgl_prim1|sld_mbpmg:mbpm_3|sld_sbpmg:\gen_sbpmg_pipeline_less_than_two:sm0:0:sm1  ; sld_sbpmg                                       ; work         ;
;                         |sld_mbpmg:mbpm_41|                                                                                             ; 0 (0)               ; 1 (0)                     ; 0           ; 0            ; 0       ; 0         ; 0    ; 0            ; |cronometro|sld_signaltap:auto_signaltap_0|sld_signaltap_impl:sld_signaltap_body|sld_signaltap_implb:sld_signaltap_body|sld_ela_control:ela_control|sld_ela_trigger:\multi_level_advanced_trigger_gen:advanced_trigger_wrapper|sld_ela_trigger_g2p:auto_generated|sld_reserved_cronometro_auto_signaltap_0_1_21bc:mgl_prim1|sld_mbpmg:mbpm_41                                                       ; sld_mbpmg                                       ; work         ;
;                            |sld_sbpmg:\gen_sbpmg_pipeline_less_than_two:sm0:0:sm1|                                                      ; 0 (0)               ; 1 (1)                     ; 0           ; 0            ; 0       ; 0         ; 0    ; 0            ; |cronometro|sld_signaltap:auto_signaltap_0|sld_signaltap_impl:sld_signaltap_body|sld_signaltap_implb:sld_signaltap_body|sld_ela_control:ela_control|sld_ela_trigger:\multi_level_advanced_trigger_gen:advanced_trigger_wrapper|sld_ela_trigger_g2p:auto_generated|sld_reserved_cronometro_auto_signaltap_0_1_21bc:mgl_prim1|sld_mbpmg:mbpm_41|sld_sbpmg:\gen_sbpmg_pipeline_less_than_two:sm0:0:sm1 ; sld_sbpmg                                       ; work         ;
;                         |sld_mbpmg:mbpm_44|                                                                                             ; 0 (0)               ; 1 (0)                     ; 0           ; 0            ; 0       ; 0         ; 0    ; 0            ; |cronometro|sld_signaltap:auto_signaltap_0|sld_signaltap_impl:sld_signaltap_body|sld_signaltap_implb:sld_signaltap_body|sld_ela_control:ela_control|sld_ela_trigger:\multi_level_advanced_trigger_gen:advanced_trigger_wrapper|sld_ela_trigger_g2p:auto_generated|sld_reserved_cronometro_auto_signaltap_0_1_21bc:mgl_prim1|sld_mbpmg:mbpm_44                                                       ; sld_mbpmg                                       ; work         ;
;                            |sld_sbpmg:\gen_sbpmg_pipeline_less_than_two:sm0:0:sm1|                                                      ; 0 (0)               ; 1 (1)                     ; 0           ; 0            ; 0       ; 0         ; 0    ; 0            ; |cronometro|sld_signaltap:auto_signaltap_0|sld_signaltap_impl:sld_signaltap_body|sld_signaltap_implb:sld_signaltap_body|sld_ela_control:ela_control|sld_ela_trigger:\multi_level_advanced_trigger_gen:advanced_trigger_wrapper|sld_ela_trigger_g2p:auto_generated|sld_reserved_cronometro_auto_signaltap_0_1_21bc:mgl_prim1|sld_mbpmg:mbpm_44|sld_sbpmg:\gen_sbpmg_pipeline_less_than_two:sm0:0:sm1 ; sld_sbpmg                                       ; work         ;
;                         |sld_mbpmg:mbpm_47|                                                                                             ; 0 (0)               ; 1 (0)                     ; 0           ; 0            ; 0       ; 0         ; 0    ; 0            ; |cronometro|sld_signaltap:auto_signaltap_0|sld_signaltap_impl:sld_signaltap_body|sld_signaltap_implb:sld_signaltap_body|sld_ela_control:ela_control|sld_ela_trigger:\multi_level_advanced_trigger_gen:advanced_trigger_wrapper|sld_ela_trigger_g2p:auto_generated|sld_reserved_cronometro_auto_signaltap_0_1_21bc:mgl_prim1|sld_mbpmg:mbpm_47                                                       ; sld_mbpmg                                       ; work         ;
;                            |sld_sbpmg:\gen_sbpmg_pipeline_less_than_two:sm0:0:sm1|                                                      ; 0 (0)               ; 1 (1)                     ; 0           ; 0            ; 0       ; 0         ; 0    ; 0            ; |cronometro|sld_signaltap:auto_signaltap_0|sld_signaltap_impl:sld_signaltap_body|sld_signaltap_implb:sld_signaltap_body|sld_ela_control:ela_control|sld_ela_trigger:\multi_level_advanced_trigger_gen:advanced_trigger_wrapper|sld_ela_trigger_g2p:auto_generated|sld_reserved_cronometro_auto_signaltap_0_1_21bc:mgl_prim1|sld_mbpmg:mbpm_47|sld_sbpmg:\gen_sbpmg_pipeline_less_than_two:sm0:0:sm1 ; sld_sbpmg                                       ; work         ;
;                         |sld_mbpmg:mbpm_50|                                                                                             ; 0 (0)               ; 1 (0)                     ; 0           ; 0            ; 0       ; 0         ; 0    ; 0            ; |cronometro|sld_signaltap:auto_signaltap_0|sld_signaltap_impl:sld_signaltap_body|sld_signaltap_implb:sld_signaltap_body|sld_ela_control:ela_control|sld_ela_trigger:\multi_level_advanced_trigger_gen:advanced_trigger_wrapper|sld_ela_trigger_g2p:auto_generated|sld_reserved_cronometro_auto_signaltap_0_1_21bc:mgl_prim1|sld_mbpmg:mbpm_50                                                       ; sld_mbpmg                                       ; work         ;
;                            |sld_sbpmg:\gen_sbpmg_pipeline_less_than_two:sm0:0:sm1|                                                      ; 0 (0)               ; 1 (1)                     ; 0           ; 0            ; 0       ; 0         ; 0    ; 0            ; |cronometro|sld_signaltap:auto_signaltap_0|sld_signaltap_impl:sld_signaltap_body|sld_signaltap_implb:sld_signaltap_body|sld_ela_control:ela_control|sld_ela_trigger:\multi_level_advanced_trigger_gen:advanced_trigger_wrapper|sld_ela_trigger_g2p:auto_generated|sld_reserved_cronometro_auto_signaltap_0_1_21bc:mgl_prim1|sld_mbpmg:mbpm_50|sld_sbpmg:\gen_sbpmg_pipeline_less_than_two:sm0:0:sm1 ; sld_sbpmg                                       ; work         ;
;                         |sld_mbpmg:mbpm_54|                                                                                             ; 0 (0)               ; 1 (0)                     ; 0           ; 0            ; 0       ; 0         ; 0    ; 0            ; |cronometro|sld_signaltap:auto_signaltap_0|sld_signaltap_impl:sld_signaltap_body|sld_signaltap_implb:sld_signaltap_body|sld_ela_control:ela_control|sld_ela_trigger:\multi_level_advanced_trigger_gen:advanced_trigger_wrapper|sld_ela_trigger_g2p:auto_generated|sld_reserved_cronometro_auto_signaltap_0_1_21bc:mgl_prim1|sld_mbpmg:mbpm_54                                                       ; sld_mbpmg                                       ; work         ;
;                            |sld_sbpmg:\gen_sbpmg_pipeline_less_than_two:sm0:0:sm1|                                                      ; 0 (0)               ; 1 (1)                     ; 0           ; 0            ; 0       ; 0         ; 0    ; 0            ; |cronometro|sld_signaltap:auto_signaltap_0|sld_signaltap_impl:sld_signaltap_body|sld_signaltap_implb:sld_signaltap_body|sld_ela_control:ela_control|sld_ela_trigger:\multi_level_advanced_trigger_gen:advanced_trigger_wrapper|sld_ela_trigger_g2p:auto_generated|sld_reserved_cronometro_auto_signaltap_0_1_21bc:mgl_prim1|sld_mbpmg:mbpm_54|sld_sbpmg:\gen_sbpmg_pipeline_less_than_two:sm0:0:sm1 ; sld_sbpmg                                       ; work         ;
;                         |sld_mbpmg:mbpm_57|                                                                                             ; 0 (0)               ; 1 (0)                     ; 0           ; 0            ; 0       ; 0         ; 0    ; 0            ; |cronometro|sld_signaltap:auto_signaltap_0|sld_signaltap_impl:sld_signaltap_body|sld_signaltap_implb:sld_signaltap_body|sld_ela_control:ela_control|sld_ela_trigger:\multi_level_advanced_trigger_gen:advanced_trigger_wrapper|sld_ela_trigger_g2p:auto_generated|sld_reserved_cronometro_auto_signaltap_0_1_21bc:mgl_prim1|sld_mbpmg:mbpm_57                                                       ; sld_mbpmg                                       ; work         ;
;                            |sld_sbpmg:\gen_sbpmg_pipeline_less_than_two:sm0:0:sm1|                                                      ; 0 (0)               ; 1 (1)                     ; 0           ; 0            ; 0       ; 0         ; 0    ; 0            ; |cronometro|sld_signaltap:auto_signaltap_0|sld_signaltap_impl:sld_signaltap_body|sld_signaltap_implb:sld_signaltap_body|sld_ela_control:ela_control|sld_ela_trigger:\multi_level_advanced_trigger_gen:advanced_trigger_wrapper|sld_ela_trigger_g2p:auto_generated|sld_reserved_cronometro_auto_signaltap_0_1_21bc:mgl_prim1|sld_mbpmg:mbpm_57|sld_sbpmg:\gen_sbpmg_pipeline_less_than_two:sm0:0:sm1 ; sld_sbpmg                                       ; work         ;
;                         |sld_mbpmg:mbpm_60|                                                                                             ; 0 (0)               ; 1 (0)                     ; 0           ; 0            ; 0       ; 0         ; 0    ; 0            ; |cronometro|sld_signaltap:auto_signaltap_0|sld_signaltap_impl:sld_signaltap_body|sld_signaltap_implb:sld_signaltap_body|sld_ela_control:ela_control|sld_ela_trigger:\multi_level_advanced_trigger_gen:advanced_trigger_wrapper|sld_ela_trigger_g2p:auto_generated|sld_reserved_cronometro_auto_signaltap_0_1_21bc:mgl_prim1|sld_mbpmg:mbpm_60                                                       ; sld_mbpmg                                       ; work         ;
;                            |sld_sbpmg:\gen_sbpmg_pipeline_less_than_two:sm0:0:sm1|                                                      ; 0 (0)               ; 1 (1)                     ; 0           ; 0            ; 0       ; 0         ; 0    ; 0            ; |cronometro|sld_signaltap:auto_signaltap_0|sld_signaltap_impl:sld_signaltap_body|sld_signaltap_implb:sld_signaltap_body|sld_ela_control:ela_control|sld_ela_trigger:\multi_level_advanced_trigger_gen:advanced_trigger_wrapper|sld_ela_trigger_g2p:auto_generated|sld_reserved_cronometro_auto_signaltap_0_1_21bc:mgl_prim1|sld_mbpmg:mbpm_60|sld_sbpmg:\gen_sbpmg_pipeline_less_than_two:sm0:0:sm1 ; sld_sbpmg                                       ; work         ;
;                         |sld_mbpmg:mbpm_63|                                                                                             ; 0 (0)               ; 1 (0)                     ; 0           ; 0            ; 0       ; 0         ; 0    ; 0            ; |cronometro|sld_signaltap:auto_signaltap_0|sld_signaltap_impl:sld_signaltap_body|sld_signaltap_implb:sld_signaltap_body|sld_ela_control:ela_control|sld_ela_trigger:\multi_level_advanced_trigger_gen:advanced_trigger_wrapper|sld_ela_trigger_g2p:auto_generated|sld_reserved_cronometro_auto_signaltap_0_1_21bc:mgl_prim1|sld_mbpmg:mbpm_63                                                       ; sld_mbpmg                                       ; work         ;
;                            |sld_sbpmg:\gen_sbpmg_pipeline_less_than_two:sm0:0:sm1|                                                      ; 0 (0)               ; 1 (1)                     ; 0           ; 0            ; 0       ; 0         ; 0    ; 0            ; |cronometro|sld_signaltap:auto_signaltap_0|sld_signaltap_impl:sld_signaltap_body|sld_signaltap_implb:sld_signaltap_body|sld_ela_control:ela_control|sld_ela_trigger:\multi_level_advanced_trigger_gen:advanced_trigger_wrapper|sld_ela_trigger_g2p:auto_generated|sld_reserved_cronometro_auto_signaltap_0_1_21bc:mgl_prim1|sld_mbpmg:mbpm_63|sld_sbpmg:\gen_sbpmg_pipeline_less_than_two:sm0:0:sm1 ; sld_sbpmg                                       ; work         ;
;                         |sld_mbpmg:mbpm_6|                                                                                              ; 0 (0)               ; 1 (0)                     ; 0           ; 0            ; 0       ; 0         ; 0    ; 0            ; |cronometro|sld_signaltap:auto_signaltap_0|sld_signaltap_impl:sld_signaltap_body|sld_signaltap_implb:sld_signaltap_body|sld_ela_control:ela_control|sld_ela_trigger:\multi_level_advanced_trigger_gen:advanced_trigger_wrapper|sld_ela_trigger_g2p:auto_generated|sld_reserved_cronometro_auto_signaltap_0_1_21bc:mgl_prim1|sld_mbpmg:mbpm_6                                                        ; sld_mbpmg                                       ; work         ;
;                            |sld_sbpmg:\gen_sbpmg_pipeline_less_than_two:sm0:0:sm1|                                                      ; 0 (0)               ; 1 (1)                     ; 0           ; 0            ; 0       ; 0         ; 0    ; 0            ; |cronometro|sld_signaltap:auto_signaltap_0|sld_signaltap_impl:sld_signaltap_body|sld_signaltap_implb:sld_signaltap_body|sld_ela_control:ela_control|sld_ela_trigger:\multi_level_advanced_trigger_gen:advanced_trigger_wrapper|sld_ela_trigger_g2p:auto_generated|sld_reserved_cronometro_auto_signaltap_0_1_21bc:mgl_prim1|sld_mbpmg:mbpm_6|sld_sbpmg:\gen_sbpmg_pipeline_less_than_two:sm0:0:sm1  ; sld_sbpmg                                       ; work         ;
;                         |sld_mbpmg:mbpm_9|                                                                                              ; 0 (0)               ; 1 (0)                     ; 0           ; 0            ; 0       ; 0         ; 0    ; 0            ; |cronometro|sld_signaltap:auto_signaltap_0|sld_signaltap_impl:sld_signaltap_body|sld_signaltap_implb:sld_signaltap_body|sld_ela_control:ela_control|sld_ela_trigger:\multi_level_advanced_trigger_gen:advanced_trigger_wrapper|sld_ela_trigger_g2p:auto_generated|sld_reserved_cronometro_auto_signaltap_0_1_21bc:mgl_prim1|sld_mbpmg:mbpm_9                                                        ; sld_mbpmg                                       ; work         ;
;                            |sld_sbpmg:\gen_sbpmg_pipeline_less_than_two:sm0:0:sm1|                                                      ; 0 (0)               ; 1 (1)                     ; 0           ; 0            ; 0       ; 0         ; 0    ; 0            ; |cronometro|sld_signaltap:auto_signaltap_0|sld_signaltap_impl:sld_signaltap_body|sld_signaltap_implb:sld_signaltap_body|sld_ela_control:ela_control|sld_ela_trigger:\multi_level_advanced_trigger_gen:advanced_trigger_wrapper|sld_ela_trigger_g2p:auto_generated|sld_reserved_cronometro_auto_signaltap_0_1_21bc:mgl_prim1|sld_mbpmg:mbpm_9|sld_sbpmg:\gen_sbpmg_pipeline_less_than_two:sm0:0:sm1  ; sld_sbpmg                                       ; work         ;
;                |sld_ela_trigger_flow_mgr:\builtin:ela_trigger_flow_mgr_entity|                                                          ; 1 (1)               ; 11 (1)                    ; 0           ; 0            ; 0       ; 0         ; 0    ; 0            ; |cronometro|sld_signaltap:auto_signaltap_0|sld_signaltap_impl:sld_signaltap_body|sld_signaltap_implb:sld_signaltap_body|sld_ela_control:ela_control|sld_ela_trigger_flow_mgr:\builtin:ela_trigger_flow_mgr_entity                                                                                                                                                                                   ; sld_ela_trigger_flow_mgr                        ; work         ;
;                   |lpm_shiftreg:trigger_config_deserialize|                                                                             ; 0 (0)               ; 10 (10)                   ; 0           ; 0            ; 0       ; 0         ; 0    ; 0            ; |cronometro|sld_signaltap:auto_signaltap_0|sld_signaltap_impl:sld_signaltap_body|sld_signaltap_implb:sld_signaltap_body|sld_ela_control:ela_control|sld_ela_trigger_flow_mgr:\builtin:ela_trigger_flow_mgr_entity|lpm_shiftreg:trigger_config_deserialize                                                                                                                                           ; lpm_shiftreg                                    ; work         ;
;             |sld_offload_buffer_mgr:\stp_non_zero_depth_offload_gen:stp_offload_buff_mgr_inst|                                          ; 81 (8)              ; 67 (0)                    ; 0           ; 0            ; 0       ; 0         ; 0    ; 0            ; |cronometro|sld_signaltap:auto_signaltap_0|sld_signaltap_impl:sld_signaltap_body|sld_signaltap_implb:sld_signaltap_body|sld_offload_buffer_mgr:\stp_non_zero_depth_offload_gen:stp_offload_buff_mgr_inst                                                                                                                                                                                            ; sld_offload_buffer_mgr                          ; work         ;
;                |lpm_counter:\adv_point_3_and_more:advance_pointer_counter|                                                              ; 7 (0)               ; 5 (0)                     ; 0           ; 0            ; 0       ; 0         ; 0    ; 0            ; |cronometro|sld_signaltap:auto_signaltap_0|sld_signaltap_impl:sld_signaltap_body|sld_signaltap_implb:sld_signaltap_body|sld_offload_buffer_mgr:\stp_non_zero_depth_offload_gen:stp_offload_buff_mgr_inst|lpm_counter:\adv_point_3_and_more:advance_pointer_counter                                                                                                                                  ; lpm_counter                                     ; work         ;
;                   |cntr_4gi:auto_generated|                                                                                             ; 7 (7)               ; 5 (5)                     ; 0           ; 0            ; 0       ; 0         ; 0    ; 0            ; |cronometro|sld_signaltap:auto_signaltap_0|sld_signaltap_impl:sld_signaltap_body|sld_signaltap_implb:sld_signaltap_body|sld_offload_buffer_mgr:\stp_non_zero_depth_offload_gen:stp_offload_buff_mgr_inst|lpm_counter:\adv_point_3_and_more:advance_pointer_counter|cntr_4gi:auto_generated                                                                                                          ; cntr_4gi                                        ; work         ;
;                |lpm_counter:read_pointer_counter|                                                                                       ; 7 (0)               ; 7 (0)                     ; 0           ; 0            ; 0       ; 0         ; 0    ; 0            ; |cronometro|sld_signaltap:auto_signaltap_0|sld_signaltap_impl:sld_signaltap_body|sld_signaltap_implb:sld_signaltap_body|sld_offload_buffer_mgr:\stp_non_zero_depth_offload_gen:stp_offload_buff_mgr_inst|lpm_counter:read_pointer_counter                                                                                                                                                           ; lpm_counter                                     ; work         ;
;                   |cntr_b6j:auto_generated|                                                                                             ; 7 (7)               ; 7 (7)                     ; 0           ; 0            ; 0       ; 0         ; 0    ; 0            ; |cronometro|sld_signaltap:auto_signaltap_0|sld_signaltap_impl:sld_signaltap_body|sld_signaltap_implb:sld_signaltap_body|sld_offload_buffer_mgr:\stp_non_zero_depth_offload_gen:stp_offload_buff_mgr_inst|lpm_counter:read_pointer_counter|cntr_b6j:auto_generated                                                                                                                                   ; cntr_b6j                                        ; work         ;
;                |lpm_counter:status_advance_pointer_counter|                                                                             ; 6 (0)               ; 4 (0)                     ; 0           ; 0            ; 0       ; 0         ; 0    ; 0            ; |cronometro|sld_signaltap:auto_signaltap_0|sld_signaltap_impl:sld_signaltap_body|sld_signaltap_implb:sld_signaltap_body|sld_offload_buffer_mgr:\stp_non_zero_depth_offload_gen:stp_offload_buff_mgr_inst|lpm_counter:status_advance_pointer_counter                                                                                                                                                 ; lpm_counter                                     ; work         ;
;                   |cntr_7gi:auto_generated|                                                                                             ; 6 (6)               ; 4 (4)                     ; 0           ; 0            ; 0       ; 0         ; 0    ; 0            ; |cronometro|sld_signaltap:auto_signaltap_0|sld_signaltap_impl:sld_signaltap_body|sld_signaltap_implb:sld_signaltap_body|sld_offload_buffer_mgr:\stp_non_zero_depth_offload_gen:stp_offload_buff_mgr_inst|lpm_counter:status_advance_pointer_counter|cntr_7gi:auto_generated                                                                                                                         ; cntr_7gi                                        ; work         ;
;                |lpm_counter:status_read_pointer_counter|                                                                                ; 3 (0)               ; 1 (0)                     ; 0           ; 0            ; 0       ; 0         ; 0    ; 0            ; |cronometro|sld_signaltap:auto_signaltap_0|sld_signaltap_impl:sld_signaltap_body|sld_signaltap_implb:sld_signaltap_body|sld_offload_buffer_mgr:\stp_non_zero_depth_offload_gen:stp_offload_buff_mgr_inst|lpm_counter:status_read_pointer_counter                                                                                                                                                    ; lpm_counter                                     ; work         ;
;                   |cntr_r2j:auto_generated|                                                                                             ; 3 (3)               ; 1 (1)                     ; 0           ; 0            ; 0       ; 0         ; 0    ; 0            ; |cronometro|sld_signaltap:auto_signaltap_0|sld_signaltap_impl:sld_signaltap_body|sld_signaltap_implb:sld_signaltap_body|sld_offload_buffer_mgr:\stp_non_zero_depth_offload_gen:stp_offload_buff_mgr_inst|lpm_counter:status_read_pointer_counter|cntr_r2j:auto_generated                                                                                                                            ; cntr_r2j                                        ; work         ;
;                |lpm_shiftreg:info_data_shift_out|                                                                                       ; 15 (15)             ; 15 (15)                   ; 0           ; 0            ; 0       ; 0         ; 0    ; 0            ; |cronometro|sld_signaltap:auto_signaltap_0|sld_signaltap_impl:sld_signaltap_body|sld_signaltap_implb:sld_signaltap_body|sld_offload_buffer_mgr:\stp_non_zero_depth_offload_gen:stp_offload_buff_mgr_inst|lpm_shiftreg:info_data_shift_out                                                                                                                                                           ; lpm_shiftreg                                    ; work         ;
;                |lpm_shiftreg:ram_data_shift_out|                                                                                        ; 20 (20)             ; 20 (20)                   ; 0           ; 0            ; 0       ; 0         ; 0    ; 0            ; |cronometro|sld_signaltap:auto_signaltap_0|sld_signaltap_impl:sld_signaltap_body|sld_signaltap_implb:sld_signaltap_body|sld_offload_buffer_mgr:\stp_non_zero_depth_offload_gen:stp_offload_buff_mgr_inst|lpm_shiftreg:ram_data_shift_out                                                                                                                                                            ; lpm_shiftreg                                    ; work         ;
;                |lpm_shiftreg:status_data_shift_out|                                                                                     ; 15 (15)             ; 15 (15)                   ; 0           ; 0            ; 0       ; 0         ; 0    ; 0            ; |cronometro|sld_signaltap:auto_signaltap_0|sld_signaltap_impl:sld_signaltap_body|sld_signaltap_implb:sld_signaltap_body|sld_offload_buffer_mgr:\stp_non_zero_depth_offload_gen:stp_offload_buff_mgr_inst|lpm_shiftreg:status_data_shift_out                                                                                                                                                         ; lpm_shiftreg                                    ; work         ;
;             |sld_rom_sr:crc_rom_sr|                                                                                                     ; 30 (30)             ; 8 (8)                     ; 0           ; 0            ; 0       ; 0         ; 0    ; 0            ; |cronometro|sld_signaltap:auto_signaltap_0|sld_signaltap_impl:sld_signaltap_body|sld_signaltap_implb:sld_signaltap_body|sld_rom_sr:crc_rom_sr                                                                                                                                                                                                                                                       ; sld_rom_sr                                      ; work         ;
+-----------------------------------------------------------------------------------------------------------------------------------------+---------------------+---------------------------+-------------+--------------+---------+-----------+------+--------------+-----------------------------------------------------------------------------------------------------------------------------------------------------------------------------------------------------------------------------------------------------------------------------------------------------------------------------------------------------------------------------------------------------+-------------------------------------------------+--------------+
Note: For table entries with two numbers listed, the numbers in parentheses indicate the number of resources of the given type used by the specific entity alone. The numbers listed outside of parentheses indicate the total resources of the given type used by the specific entity and all of its sub-entities in the hierarchy.


+-----------------------------------------------------------------------------------------------------------------------------------------------------------------------------------------------------------------------------------------------------------------------------------------------------------+
; Analysis & Synthesis RAM Summary                                                                                                                                                                                                                                                                          ;
+-------------------------------------------------------------------------------------------------------------------------------------------------------------------------------------------------------+------+------------------+--------------+--------------+--------------+--------------+------+------+
; Name                                                                                                                                                                                                  ; Type ; Mode             ; Port A Depth ; Port A Width ; Port B Depth ; Port B Width ; Size ; MIF  ;
+-------------------------------------------------------------------------------------------------------------------------------------------------------------------------------------------------------+------+------------------+--------------+--------------+--------------+--------------+------+------+
; sld_signaltap:auto_signaltap_0|sld_signaltap_impl:sld_signaltap_body|sld_signaltap_implb:sld_signaltap_body|altsyncram:\stp_non_zero_ram_gen:stp_buffer_ram|altsyncram_j424:auto_generated|ALTSYNCRAM ; AUTO ; Simple Dual Port ; 128          ; 20           ; 128          ; 20           ; 2560 ; None ;
+-------------------------------------------------------------------------------------------------------------------------------------------------------------------------------------------------------+------+------------------+--------------+--------------+--------------+--------------+------+------+


+---------------------------------------------------------------------------------------------------------------------------------------------------------------------------------------------------------------------------------------------------------------------------------------------------------------------------------------------------------------------------------------------------------------+
; Analysis & Synthesis IP Cores Summary                                                                                                                                                                                                                                                                                                                                                                         ;
+--------+--------------+---------+--------------+--------------+-----------------------------------------------------------------------------------------------------------------------------------------------------------------------------------------------------------------------------------------------------------------------------------------------------------------------------+-----------------+
; Vendor ; IP Core Name ; Version ; Release Date ; License Type ; Entity Instance                                                                                                                                                                                                                                                                                                             ; IP Include File ;
+--------+--------------+---------+--------------+--------------+-----------------------------------------------------------------------------------------------------------------------------------------------------------------------------------------------------------------------------------------------------------------------------------------------------------------------------+-----------------+
; Altera ; Signal Tap   ; N/A     ; N/A          ; Licensed     ; |cronometro|sld_hub:auto_hub|alt_sld_fab_with_jtag_input:\instrumentation_fabric_with_node_gen:fabric_gen_new_way:with_jtag_input_gen:instrumentation_fabric|alt_sld_fab:instrumentation_fabric                                                                                                                             ;                 ;
; Altera ; Signal Tap   ; N/A     ; N/A          ; Licensed     ; |cronometro|sld_hub:auto_hub|alt_sld_fab_with_jtag_input:\instrumentation_fabric_with_node_gen:fabric_gen_new_way:with_jtag_input_gen:instrumentation_fabric|alt_sld_fab:instrumentation_fabric|alt_sld_fab_alt_sld_fab:alt_sld_fab                                                                                         ;                 ;
; Altera ; Signal Tap   ; N/A     ; N/A          ; Licensed     ; |cronometro|sld_hub:auto_hub|alt_sld_fab_with_jtag_input:\instrumentation_fabric_with_node_gen:fabric_gen_new_way:with_jtag_input_gen:instrumentation_fabric|alt_sld_fab:instrumentation_fabric|alt_sld_fab_alt_sld_fab:alt_sld_fab|alt_sld_fab_alt_sld_fab_presplit:presplit                                               ;                 ;
; Altera ; Signal Tap   ; N/A     ; N/A          ; Licensed     ; |cronometro|sld_hub:auto_hub|alt_sld_fab_with_jtag_input:\instrumentation_fabric_with_node_gen:fabric_gen_new_way:with_jtag_input_gen:instrumentation_fabric|alt_sld_fab:instrumentation_fabric|alt_sld_fab_alt_sld_fab:alt_sld_fab|alt_sld_fab_alt_sld_fab_sldfabric:sldfabric                                             ;                 ;
; Altera ; Signal Tap   ; N/A     ; N/A          ; Licensed     ; |cronometro|sld_hub:auto_hub|alt_sld_fab_with_jtag_input:\instrumentation_fabric_with_node_gen:fabric_gen_new_way:with_jtag_input_gen:instrumentation_fabric|alt_sld_fab:instrumentation_fabric|alt_sld_fab_alt_sld_fab:alt_sld_fab|alt_sld_fab_alt_sld_fab_splitter:splitter                                               ;                 ;
; Altera ; Signal Tap   ; N/A     ; N/A          ; Licensed     ; |cronometro|sld_signaltap:auto_signaltap_0|sld_signaltap_impl:sld_signaltap_body|sld_signaltap_implb:sld_signaltap_body|sld_ela_control:ela_control|sld_ela_trigger:\multi_level_advanced_trigger_gen:advanced_trigger_wrapper|sld_ela_trigger_g2p:auto_generated|sld_reserved_cronometro_auto_signaltap_0_1_21bc:mgl_prim1 ;                 ;
+--------+--------------+---------+--------------+--------------+-----------------------------------------------------------------------------------------------------------------------------------------------------------------------------------------------------------------------------------------------------------------------------------------------------------------------------+-----------------+


+------------------------------------------------------+
; General Register Statistics                          ;
+----------------------------------------------+-------+
; Statistic                                    ; Value ;
+----------------------------------------------+-------+
; Total registers                              ; 726   ;
; Number of registers using Synchronous Clear  ; 144   ;
; Number of registers using Synchronous Load   ; 63    ;
; Number of registers using Asynchronous Clear ; 254   ;
; Number of registers using Asynchronous Load  ; 0     ;
; Number of registers using Clock Enable       ; 389   ;
; Number of registers using Preset             ; 0     ;
+----------------------------------------------+-------+


+-------------------------------------------------------------------------------------------------------------------------------------------------------------------------------------------------------------------------------------------------------------------------------------------------------------------------------------------+
; Inverted Register Statistics                                                                                                                                                                                                                                                                                                              ;
+---------------------------------------------------------------------------------------------------------------------------------------------------------------------------------------------------------------------------------------------------------------------------------------------------------------------------------+---------+
; Inverted Register                                                                                                                                                                                                                                                                                                               ; Fan out ;
+---------------------------------------------------------------------------------------------------------------------------------------------------------------------------------------------------------------------------------------------------------------------------------------------------------------------------------+---------+
; sld_hub:auto_hub|alt_sld_fab_with_jtag_input:\instrumentation_fabric_with_node_gen:fabric_gen_new_way:with_jtag_input_gen:instrumentation_fabric|alt_sld_fab:instrumentation_fabric|alt_sld_fab_alt_sld_fab:alt_sld_fab|alt_sld_fab_alt_sld_fab_sldfabric:sldfabric|sld_jtag_hub:\jtag_hub_gen:real_sld_jtag_hub|jtag_ir_reg[2] ; 2       ;
; sld_hub:auto_hub|alt_sld_fab_with_jtag_input:\instrumentation_fabric_with_node_gen:fabric_gen_new_way:with_jtag_input_gen:instrumentation_fabric|alt_sld_fab:instrumentation_fabric|alt_sld_fab_alt_sld_fab:alt_sld_fab|alt_sld_fab_alt_sld_fab_sldfabric:sldfabric|sld_jtag_hub:\jtag_hub_gen:real_sld_jtag_hub|jtag_ir_reg[1] ; 3       ;
; sld_signaltap:auto_signaltap_0|sld_signaltap_impl:sld_signaltap_body|sld_signaltap_implb:sld_signaltap_body|sld_buffer_manager:sld_buffer_manager_inst|modified_post_count[1]                                                                                                                                                   ; 1       ;
; sld_signaltap:auto_signaltap_0|sld_signaltap_impl:sld_signaltap_body|sld_signaltap_implb:sld_signaltap_body|sld_buffer_manager:sld_buffer_manager_inst|modified_post_count[2]                                                                                                                                                   ; 1       ;
; sld_signaltap:auto_signaltap_0|sld_signaltap_impl:sld_signaltap_body|sld_signaltap_implb:sld_signaltap_body|sld_buffer_manager:sld_buffer_manager_inst|modified_post_count[3]                                                                                                                                                   ; 1       ;
; sld_signaltap:auto_signaltap_0|sld_signaltap_impl:sld_signaltap_body|sld_signaltap_implb:sld_signaltap_body|sld_buffer_manager:sld_buffer_manager_inst|modified_post_count[4]                                                                                                                                                   ; 1       ;
; sld_signaltap:auto_signaltap_0|sld_signaltap_impl:sld_signaltap_body|sld_signaltap_implb:sld_signaltap_body|sld_buffer_manager:sld_buffer_manager_inst|modified_post_count[5]                                                                                                                                                   ; 1       ;
; sld_signaltap:auto_signaltap_0|sld_signaltap_impl:sld_signaltap_body|sld_signaltap_implb:sld_signaltap_body|sld_buffer_manager:sld_buffer_manager_inst|modified_post_count[6]                                                                                                                                                   ; 1       ;
; sld_signaltap:auto_signaltap_0|sld_signaltap_impl:sld_signaltap_body|sld_signaltap_implb:sld_signaltap_body|sld_buffer_manager:sld_buffer_manager_inst|modified_post_count[7]                                                                                                                                                   ; 1       ;
; sld_signaltap:auto_signaltap_0|sld_signaltap_impl:sld_signaltap_body|sld_signaltap_implb:sld_signaltap_body|sld_buffer_manager:sld_buffer_manager_inst|modified_post_count[0]                                                                                                                                                   ; 1       ;
; Total number of inverted registers = 10                                                                                                                                                                                                                                                                                         ;         ;
+---------------------------------------------------------------------------------------------------------------------------------------------------------------------------------------------------------------------------------------------------------------------------------------------------------------------------------+---------+


+------------------------------------------------------------------------------------------------------------------------------------------+
; Multiplexer Restructuring Statistics (Restructuring Performed)                                                                           ;
+--------------------+-----------+---------------+----------------------+------------------------+------------+----------------------------+
; Multiplexer Inputs ; Bus Width ; Baseline Area ; Area if Restructured ; Saving if Restructured ; Registered ; Example Multiplexer Output ;
+--------------------+-----------+---------------+----------------------+------------------------+------------+----------------------------+
; 4:1                ; 32 bits   ; 64 LEs        ; 32 LEs               ; 32 LEs                 ; Yes        ; |cronometro|en_cc[3]       ;
+--------------------+-----------+---------------+----------------------+------------------------+------------+----------------------------+


+-------------------------------------------------------+
; Source assignments for sld_signaltap:auto_signaltap_0 ;
+-----------------+-------+------+----------------------+
; Assignment      ; Value ; From ; To                   ;
+-----------------+-------+------+----------------------+
; MESSAGE_DISABLE ; 13410 ; -    ; -                    ;
+-----------------+-------+------+----------------------+


+---------------------------------------------------------------------------------------------------------------------+
; Parameter Settings for Inferred Entity Instance: sld_signaltap:auto_signaltap_0                                     ;
+-------------------------------------------------+--------------------------------------------------+----------------+
; Parameter Name                                  ; Value                                            ; Type           ;
+-------------------------------------------------+--------------------------------------------------+----------------+
; lpm_type                                        ; sld_signaltap                                    ; String         ;
; sld_node_info                                   ; 805334528                                        ; Untyped        ;
; SLD_SECTION_ID                                  ; hdl_signaltap_0                                  ; String         ;
; SLD_IP_VERSION                                  ; 6                                                ; Signed Integer ;
; SLD_IP_MINOR_VERSION                            ; 0                                                ; Signed Integer ;
; SLD_COMMON_IP_VERSION                           ; 0                                                ; Signed Integer ;
; sld_data_bits                                   ; 20                                               ; Untyped        ;
; sld_trigger_bits                                ; 20                                               ; Untyped        ;
; SLD_NODE_CRC_BITS                               ; 32                                               ; Signed Integer ;
; SLD_NODE_CRC_HIWORD                             ; 41394                                            ; Signed Integer ;
; SLD_NODE_CRC_LOWORD                             ; 50132                                            ; Signed Integer ;
; sld_incremental_routing                         ; 1                                                ; Untyped        ;
; sld_sample_depth                                ; 128                                              ; Untyped        ;
; sld_segment_size                                ; 128                                              ; Untyped        ;
; sld_ram_block_type                              ; AUTO                                             ; Untyped        ;
; sld_state_bits                                  ; 11                                               ; Untyped        ;
; sld_buffer_full_stop                            ; 1                                                ; Untyped        ;
; SLD_MEM_ADDRESS_BITS                            ; 7                                                ; Signed Integer ;
; SLD_DATA_BIT_CNTR_BITS                          ; 4                                                ; Signed Integer ;
; sld_trigger_level                               ; 1                                                ; Untyped        ;
; sld_trigger_in_enabled                          ; 0                                                ; Untyped        ;
; SLD_HPS_TRIGGER_IN_ENABLED                      ; 0                                                ; Signed Integer ;
; SLD_HPS_TRIGGER_OUT_ENABLED                     ; 0                                                ; Signed Integer ;
; SLD_HPS_EVENT_ENABLED                           ; 0                                                ; Signed Integer ;
; SLD_HPS_EVENT_ID                                ; 0                                                ; Signed Integer ;
; sld_advanced_trigger_entity                     ; sld_reserved_cronometro_auto_signaltap_0_1_21bc, ; Untyped        ;
; sld_trigger_level_pipeline                      ; 1                                                ; Untyped        ;
; sld_trigger_pipeline                            ; 0                                                ; Untyped        ;
; sld_ram_pipeline                                ; 0                                                ; Untyped        ;
; sld_counter_pipeline                            ; 0                                                ; Untyped        ;
; sld_enable_advanced_trigger                     ; 1                                                ; Untyped        ;
; SLD_ADVANCED_TRIGGER_1                          ; NONE                                             ; String         ;
; SLD_ADVANCED_TRIGGER_2                          ; NONE                                             ; String         ;
; SLD_ADVANCED_TRIGGER_3                          ; NONE                                             ; String         ;
; SLD_ADVANCED_TRIGGER_4                          ; NONE                                             ; String         ;
; SLD_ADVANCED_TRIGGER_5                          ; NONE                                             ; String         ;
; SLD_ADVANCED_TRIGGER_6                          ; NONE                                             ; String         ;
; SLD_ADVANCED_TRIGGER_7                          ; NONE                                             ; String         ;
; SLD_ADVANCED_TRIGGER_8                          ; NONE                                             ; String         ;
; SLD_ADVANCED_TRIGGER_9                          ; NONE                                             ; String         ;
; SLD_ADVANCED_TRIGGER_10                         ; NONE                                             ; String         ;
; sld_inversion_mask_length                       ; 21                                               ; Untyped        ;
; sld_inversion_mask                              ; 000000000000000000000                            ; Untyped        ;
; sld_power_up_trigger                            ; 0                                                ; Untyped        ;
; SLD_STATE_FLOW_MGR_ENTITY                       ; state_flow_mgr_entity.vhd                        ; String         ;
; sld_state_flow_use_generated                    ; 0                                                ; Untyped        ;
; sld_current_resource_width                      ; 1                                                ; Untyped        ;
; sld_attribute_mem_mode                          ; OFF                                              ; Untyped        ;
; sld_storage_qualifier_bits                      ; 20                                               ; Untyped        ;
; SLD_STORAGE_QUALIFIER_GAP_RECORD                ; 0                                                ; Signed Integer ;
; SLD_STORAGE_QUALIFIER_MODE                      ; OFF                                              ; String         ;
; SLD_STORAGE_QUALIFIER_ENABLE_ADVANCED_CONDITION ; 0                                                ; Signed Integer ;
; sld_storage_qualifier_inversion_mask_length     ; 0                                                ; Untyped        ;
; SLD_STORAGE_QUALIFIER_ADVANCED_CONDITION_ENTITY ; basic                                            ; String         ;
; SLD_STORAGE_QUALIFIER_PIPELINE                  ; 0                                                ; Signed Integer ;
; SLD_CREATE_MONITOR_INTERFACE                    ; 0                                                ; Signed Integer ;
; SLD_USE_JTAG_SIGNAL_ADAPTER                     ; 1                                                ; Signed Integer ;
+-------------------------------------------------+--------------------------------------------------+----------------+
Note: In order to hide this table in the UI and the text report file, please set the "Show Parameter Settings in Synthesis Report" option in "Analysis and Synthesis Settings -> More Settings" to "Off".


+--------------------------------------------+
; Port Connectivity Checks: "cont16_ld:sec1" ;
+------+-------+----------+------------------+
; Port ; Type  ; Severity ; Details          ;
+------+-------+----------+------------------+
; clr  ; Input ; Info     ; Stuck at GND     ;
; ld   ; Input ; Info     ; Stuck at GND     ;
; load ; Input ; Info     ; Stuck at GND     ;
+------+-------+----------+------------------+


+--------------------------------------------+
; Port Connectivity Checks: "cont16_ld:sec0" ;
+------+-------+----------+------------------+
; Port ; Type  ; Severity ; Details          ;
+------+-------+----------+------------------+
; clr  ; Input ; Info     ; Stuck at GND     ;
; ld   ; Input ; Info     ; Stuck at GND     ;
; load ; Input ; Info     ; Stuck at GND     ;
+------+-------+----------+------------------+


+---------------------------------------------+
; Port Connectivity Checks: "cont16_ld:cent1" ;
+------+-------+----------+-------------------+
; Port ; Type  ; Severity ; Details           ;
+------+-------+----------+-------------------+
; clr  ; Input ; Info     ; Stuck at GND      ;
; ld   ; Input ; Info     ; Stuck at GND      ;
; load ; Input ; Info     ; Stuck at GND      ;
+------+-------+----------+-------------------+


+---------------------------------------------+
; Port Connectivity Checks: "cont16_ld:cent0" ;
+------+-------+----------+-------------------+
; Port ; Type  ; Severity ; Details           ;
+------+-------+----------+-------------------+
; clr  ; Input ; Info     ; Stuck at GND      ;
; ld   ; Input ; Info     ; Stuck at GND      ;
; load ; Input ; Info     ; Stuck at GND      ;
+------+-------+----------+-------------------+


+-------------------------------------------------------------------------------------------------------------------------------------------------------------------------------------------------------------------------------------------------------------------------+
; Signal Tap Logic Analyzer Settings                                                                                                                                                                                                                                      ;
+----------------+------------------+---------------------+------------------+--------------+----------+------------------------+----------------------+--------------------+-----------------------------+-----------------+------------------+--------------------------+
; Instance Index ; Instance Name    ; Trigger Input Width ; Data Input Width ; Sample Depth ; Segments ; Storage Qualifier Type ; Trigger Flow Control ; Trigger Conditions ; Advanced Trigger Conditions ; Trigger In Used ; Trigger Out Used ; Power-Up Trigger Enabled ;
+----------------+------------------+---------------------+------------------+--------------+----------+------------------------+----------------------+--------------------+-----------------------------+-----------------+------------------+--------------------------+
; 0              ; auto_signaltap_0 ; 20                  ; 20               ; 128          ; 1        ; continuous             ; sequential           ; 1                  ; 1                           ; no              ; no               ; no                       ;
+----------------+------------------+---------------------+------------------+--------------+----------+------------------------+----------------------+--------------------+-----------------------------+-----------------+------------------+--------------------------+


+-----------------------------------------------------+
; Post-Synthesis Netlist Statistics for Top Partition ;
+-----------------------+-----------------------------+
; Type                  ; Count                       ;
+-----------------------+-----------------------------+
; boundary_port         ; 23                          ;
; cycloneiii_ff         ; 113                         ;
;     CLR               ; 16                          ;
;     ENA SCLR          ; 32                          ;
;     SCLR              ; 64                          ;
;     plain             ; 1                           ;
; cycloneiii_lcell_comb ; 169                         ;
;     arith             ; 93                          ;
;         2 data inputs ; 93                          ;
;     normal            ; 76                          ;
;         1 data inputs ; 4                           ;
;         2 data inputs ; 7                           ;
;         3 data inputs ; 13                          ;
;         4 data inputs ; 52                          ;
;                       ;                             ;
; Max LUT depth         ; 8.00                        ;
; Average LUT depth     ; 4.06                        ;
+-----------------------+-----------------------------+


+-------------------------------+
; Elapsed Time Per Partition    ;
+----------------+--------------+
; Partition Name ; Elapsed Time ;
+----------------+--------------+
; Top            ; 00:00:00     ;
+----------------+--------------+


+---------------------------------------------------------------------------------------------------------------------------------------------------------+
; Connections to In-System Debugging Instance "auto_signaltap_0"                                                                                          ;
+------------------------+---------------+-----------+--------------------------------+-------------------+-------------------------------------+---------+
; Name                   ; Type          ; Status    ; Partition Name                 ; Netlist Type Used ; Actual Connection                   ; Details ;
+------------------------+---------------+-----------+--------------------------------+-------------------+-------------------------------------+---------+
; cent[0]                ; pre-synthesis ; connected ; Top                            ; post-synthesis    ; cont16_ld:cent0|q_aux[0]            ; N/A     ;
; cent[0]                ; pre-synthesis ; connected ; Top                            ; post-synthesis    ; cont16_ld:cent0|q_aux[0]            ; N/A     ;
; cent[1]                ; pre-synthesis ; connected ; Top                            ; post-synthesis    ; cont16_ld:cent0|q_aux[1]            ; N/A     ;
; cent[1]                ; pre-synthesis ; connected ; Top                            ; post-synthesis    ; cont16_ld:cent0|q_aux[1]            ; N/A     ;
; cent[2]                ; pre-synthesis ; connected ; Top                            ; post-synthesis    ; cont16_ld:cent0|q_aux[2]            ; N/A     ;
; cent[2]                ; pre-synthesis ; connected ; Top                            ; post-synthesis    ; cont16_ld:cent0|q_aux[2]            ; N/A     ;
; cent[3]                ; pre-synthesis ; connected ; Top                            ; post-synthesis    ; cont16_ld:cent0|q_aux[3]            ; N/A     ;
; cent[3]                ; pre-synthesis ; connected ; Top                            ; post-synthesis    ; cont16_ld:cent0|q_aux[3]            ; N/A     ;
; cent[4]                ; pre-synthesis ; connected ; Top                            ; post-synthesis    ; cont16_ld:cent1|q_aux[0]            ; N/A     ;
; cent[4]                ; pre-synthesis ; connected ; Top                            ; post-synthesis    ; cont16_ld:cent1|q_aux[0]            ; N/A     ;
; cent[5]                ; pre-synthesis ; connected ; Top                            ; post-synthesis    ; cont16_ld:cent1|q_aux[1]            ; N/A     ;
; cent[5]                ; pre-synthesis ; connected ; Top                            ; post-synthesis    ; cont16_ld:cent1|q_aux[1]            ; N/A     ;
; cent[6]                ; pre-synthesis ; connected ; Top                            ; post-synthesis    ; cont16_ld:cent1|q_aux[2]            ; N/A     ;
; cent[6]                ; pre-synthesis ; connected ; Top                            ; post-synthesis    ; cont16_ld:cent1|q_aux[2]            ; N/A     ;
; cent[7]                ; pre-synthesis ; connected ; Top                            ; post-synthesis    ; cont16_ld:cent1|q_aux[3]            ; N/A     ;
; cent[7]                ; pre-synthesis ; connected ; Top                            ; post-synthesis    ; cont16_ld:cent1|q_aux[3]            ; N/A     ;
; clk                    ; pre-synthesis ; connected ; Top                            ; post-synthesis    ; clk                                 ; N/A     ;
; cont16_ld:cent0|clk    ; pre-synthesis ; connected ; Top                            ; post-synthesis    ; clk                                 ; N/A     ;
; cont16_ld:cent0|clk    ; pre-synthesis ; connected ; Top                            ; post-synthesis    ; clk                                 ; N/A     ;
; debouncer:b1|debounced ; pre-synthesis ; connected ; Top                            ; post-synthesis    ; debouncer:b1|LessThan0              ; N/A     ;
; debouncer:b1|debounced ; pre-synthesis ; connected ; Top                            ; post-synthesis    ; debouncer:b1|LessThan0              ; N/A     ;
; debouncer:b2|debounced ; pre-synthesis ; connected ; Top                            ; post-synthesis    ; debouncer:b2|LessThan0~12           ; N/A     ;
; debouncer:b2|debounced ; pre-synthesis ; connected ; Top                            ; post-synthesis    ; debouncer:b2|LessThan0~12           ; N/A     ;
; running                ; pre-synthesis ; connected ; Top                            ; post-synthesis    ; running                             ; N/A     ;
; running                ; pre-synthesis ; connected ; Top                            ; post-synthesis    ; running                             ; N/A     ;
; sec[0]                 ; pre-synthesis ; connected ; Top                            ; post-synthesis    ; cont16_ld:sec0|q_aux[0]             ; N/A     ;
; sec[0]                 ; pre-synthesis ; connected ; Top                            ; post-synthesis    ; cont16_ld:sec0|q_aux[0]             ; N/A     ;
; sec[1]                 ; pre-synthesis ; connected ; Top                            ; post-synthesis    ; cont16_ld:sec0|q_aux[1]             ; N/A     ;
; sec[1]                 ; pre-synthesis ; connected ; Top                            ; post-synthesis    ; cont16_ld:sec0|q_aux[1]             ; N/A     ;
; sec[2]                 ; pre-synthesis ; connected ; Top                            ; post-synthesis    ; cont16_ld:sec0|q_aux[2]             ; N/A     ;
; sec[2]                 ; pre-synthesis ; connected ; Top                            ; post-synthesis    ; cont16_ld:sec0|q_aux[2]             ; N/A     ;
; sec[3]                 ; pre-synthesis ; connected ; Top                            ; post-synthesis    ; cont16_ld:sec0|q_aux[3]             ; N/A     ;
; sec[3]                 ; pre-synthesis ; connected ; Top                            ; post-synthesis    ; cont16_ld:sec0|q_aux[3]             ; N/A     ;
; sec[4]                 ; pre-synthesis ; connected ; Top                            ; post-synthesis    ; cont16_ld:sec1|q_aux[0]             ; N/A     ;
; sec[4]                 ; pre-synthesis ; connected ; Top                            ; post-synthesis    ; cont16_ld:sec1|q_aux[0]             ; N/A     ;
; sec[5]                 ; pre-synthesis ; connected ; Top                            ; post-synthesis    ; cont16_ld:sec1|q_aux[1]             ; N/A     ;
; sec[5]                 ; pre-synthesis ; connected ; Top                            ; post-synthesis    ; cont16_ld:sec1|q_aux[1]             ; N/A     ;
; sec[6]                 ; pre-synthesis ; connected ; Top                            ; post-synthesis    ; cont16_ld:sec1|q_aux[2]             ; N/A     ;
; sec[6]                 ; pre-synthesis ; connected ; Top                            ; post-synthesis    ; cont16_ld:sec1|q_aux[2]             ; N/A     ;
; sec[7]                 ; pre-synthesis ; connected ; Top                            ; post-synthesis    ; cont16_ld:sec1|q_aux[3]             ; N/A     ;
; sec[7]                 ; pre-synthesis ; connected ; Top                            ; post-synthesis    ; cont16_ld:sec1|q_aux[3]             ; N/A     ;
; auto_signaltap_0|gnd   ; post-fitting  ; connected ; sld_signaltap:auto_signaltap_0 ; post-synthesis    ; sld_signaltap:auto_signaltap_0|~GND ; N/A     ;
; auto_signaltap_0|gnd   ; post-fitting  ; connected ; sld_signaltap:auto_signaltap_0 ; post-synthesis    ; sld_signaltap:auto_signaltap_0|~GND ; N/A     ;
; auto_signaltap_0|gnd   ; post-fitting  ; connected ; sld_signaltap:auto_signaltap_0 ; post-synthesis    ; sld_signaltap:auto_signaltap_0|~GND ; N/A     ;
; auto_signaltap_0|gnd   ; post-fitting  ; connected ; sld_signaltap:auto_signaltap_0 ; post-synthesis    ; sld_signaltap:auto_signaltap_0|~GND ; N/A     ;
; auto_signaltap_0|gnd   ; post-fitting  ; connected ; sld_signaltap:auto_signaltap_0 ; post-synthesis    ; sld_signaltap:auto_signaltap_0|~GND ; N/A     ;
; auto_signaltap_0|gnd   ; post-fitting  ; connected ; sld_signaltap:auto_signaltap_0 ; post-synthesis    ; sld_signaltap:auto_signaltap_0|~GND ; N/A     ;
; auto_signaltap_0|gnd   ; post-fitting  ; connected ; sld_signaltap:auto_signaltap_0 ; post-synthesis    ; sld_signaltap:auto_signaltap_0|~GND ; N/A     ;
; auto_signaltap_0|gnd   ; post-fitting  ; connected ; sld_signaltap:auto_signaltap_0 ; post-synthesis    ; sld_signaltap:auto_signaltap_0|~GND ; N/A     ;
; auto_signaltap_0|gnd   ; post-fitting  ; connected ; sld_signaltap:auto_signaltap_0 ; post-synthesis    ; sld_signaltap:auto_signaltap_0|~GND ; N/A     ;
; auto_signaltap_0|gnd   ; post-fitting  ; connected ; sld_signaltap:auto_signaltap_0 ; post-synthesis    ; sld_signaltap:auto_signaltap_0|~GND ; N/A     ;
; auto_signaltap_0|gnd   ; post-fitting  ; connected ; sld_signaltap:auto_signaltap_0 ; post-synthesis    ; sld_signaltap:auto_signaltap_0|~GND ; N/A     ;
; auto_signaltap_0|gnd   ; post-fitting  ; connected ; sld_signaltap:auto_signaltap_0 ; post-synthesis    ; sld_signaltap:auto_signaltap_0|~GND ; N/A     ;
; auto_signaltap_0|gnd   ; post-fitting  ; connected ; sld_signaltap:auto_signaltap_0 ; post-synthesis    ; sld_signaltap:auto_signaltap_0|~GND ; N/A     ;
; auto_signaltap_0|gnd   ; post-fitting  ; connected ; sld_signaltap:auto_signaltap_0 ; post-synthesis    ; sld_signaltap:auto_signaltap_0|~GND ; N/A     ;
; auto_signaltap_0|gnd   ; post-fitting  ; connected ; sld_signaltap:auto_signaltap_0 ; post-synthesis    ; sld_signaltap:auto_signaltap_0|~GND ; N/A     ;
; auto_signaltap_0|gnd   ; post-fitting  ; connected ; sld_signaltap:auto_signaltap_0 ; post-synthesis    ; sld_signaltap:auto_signaltap_0|~GND ; N/A     ;
; auto_signaltap_0|gnd   ; post-fitting  ; connected ; sld_signaltap:auto_signaltap_0 ; post-synthesis    ; sld_signaltap:auto_signaltap_0|~GND ; N/A     ;
; auto_signaltap_0|gnd   ; post-fitting  ; connected ; sld_signaltap:auto_signaltap_0 ; post-synthesis    ; sld_signaltap:auto_signaltap_0|~GND ; N/A     ;
; auto_signaltap_0|vcc   ; post-fitting  ; connected ; sld_signaltap:auto_signaltap_0 ; post-synthesis    ; sld_signaltap:auto_signaltap_0|~VCC ; N/A     ;
; auto_signaltap_0|vcc   ; post-fitting  ; connected ; sld_signaltap:auto_signaltap_0 ; post-synthesis    ; sld_signaltap:auto_signaltap_0|~VCC ; N/A     ;
; auto_signaltap_0|vcc   ; post-fitting  ; connected ; sld_signaltap:auto_signaltap_0 ; post-synthesis    ; sld_signaltap:auto_signaltap_0|~VCC ; N/A     ;
; auto_signaltap_0|vcc   ; post-fitting  ; connected ; sld_signaltap:auto_signaltap_0 ; post-synthesis    ; sld_signaltap:auto_signaltap_0|~VCC ; N/A     ;
; auto_signaltap_0|vcc   ; post-fitting  ; connected ; sld_signaltap:auto_signaltap_0 ; post-synthesis    ; sld_signaltap:auto_signaltap_0|~VCC ; N/A     ;
; auto_signaltap_0|vcc   ; post-fitting  ; connected ; sld_signaltap:auto_signaltap_0 ; post-synthesis    ; sld_signaltap:auto_signaltap_0|~VCC ; N/A     ;
; auto_signaltap_0|vcc   ; post-fitting  ; connected ; sld_signaltap:auto_signaltap_0 ; post-synthesis    ; sld_signaltap:auto_signaltap_0|~VCC ; N/A     ;
; auto_signaltap_0|vcc   ; post-fitting  ; connected ; sld_signaltap:auto_signaltap_0 ; post-synthesis    ; sld_signaltap:auto_signaltap_0|~VCC ; N/A     ;
; auto_signaltap_0|vcc   ; post-fitting  ; connected ; sld_signaltap:auto_signaltap_0 ; post-synthesis    ; sld_signaltap:auto_signaltap_0|~VCC ; N/A     ;
; auto_signaltap_0|vcc   ; post-fitting  ; connected ; sld_signaltap:auto_signaltap_0 ; post-synthesis    ; sld_signaltap:auto_signaltap_0|~VCC ; N/A     ;
; auto_signaltap_0|vcc   ; post-fitting  ; connected ; sld_signaltap:auto_signaltap_0 ; post-synthesis    ; sld_signaltap:auto_signaltap_0|~VCC ; N/A     ;
; auto_signaltap_0|vcc   ; post-fitting  ; connected ; sld_signaltap:auto_signaltap_0 ; post-synthesis    ; sld_signaltap:auto_signaltap_0|~VCC ; N/A     ;
; auto_signaltap_0|vcc   ; post-fitting  ; connected ; sld_signaltap:auto_signaltap_0 ; post-synthesis    ; sld_signaltap:auto_signaltap_0|~VCC ; N/A     ;
; auto_signaltap_0|vcc   ; post-fitting  ; connected ; sld_signaltap:auto_signaltap_0 ; post-synthesis    ; sld_signaltap:auto_signaltap_0|~VCC ; N/A     ;
+------------------------+---------------+-----------+--------------------------------+-------------------+-------------------------------------+---------+


+-------------------------------+
; Analysis & Synthesis Messages ;
+-------------------------------+
Info: *******************************************************************
Info: Running Quartus Prime Analysis & Synthesis
    Info: Version 18.1.0 Build 625 09/12/2018 SJ Lite Edition
    Info: Processing started: Thu Sep 18 13:09:13 2025
Info: Command: quartus_map --read_settings_files=on --write_settings_files=off cronometro -c cronometro
Warning (18236): Number of processors has not been specified which may cause overloading on shared machines.  Set the global assignment NUM_PARALLEL_PROCESSORS in your QSF to an appropriate value for best performance.
Info (20030): Parallel compilation is enabled and will use 8 of the 8 processors detected
Info (12021): Found 2 design units, including 1 entities, in source file cronometro.vhd
    Info (12022): Found design unit 1: cronometro-a_cronometro File: C:/vhdl/cronometro-digital/cronometro.vhd Line: 15
    Info (12023): Found entity 1: cronometro File: C:/vhdl/cronometro-digital/cronometro.vhd Line: 5
Info (12021): Found 2 design units, including 1 entities, in source file debouncer.vhd
    Info (12022): Found design unit 1: debouncer-a_debouncer File: C:/vhdl/cronometro-digital/debouncer.vhd Line: 13
    Info (12023): Found entity 1: debouncer File: C:/vhdl/cronometro-digital/debouncer.vhd Line: 5
Warning (12019): Can't analyze file -- file state_machine.vhd is missing
Info (12127): Elaborating entity "cronometro" for the top level hierarchy
Warning (10492): VHDL Process Statement warning at cronometro.vhd(111): signal "running" is read inside the Process Statement but isn't in the Process Statement's sensitivity list File: C:/vhdl/cronometro-digital/cronometro.vhd Line: 111
Warning (10492): VHDL Process Statement warning at cronometro.vhd(117): signal "reset_b" is read inside the Process Statement but isn't in the Process Statement's sensitivity list File: C:/vhdl/cronometro-digital/cronometro.vhd Line: 117
Info (12128): Elaborating entity "debouncer" for hierarchy "debouncer:b1" File: C:/vhdl/cronometro-digital/cronometro.vhd Line: 41
Warning (12125): Using design file cont16_ld.vhd, which is not specified as a design file for the current project, but contains definitions for 2 design units and 1 entities in project
    Info (12022): Found design unit 1: cont16_ld-a_cont16_ld File: C:/vhdl/cronometro-digital/cont16_ld.vhd Line: 17
    Info (12023): Found entity 1: cont16_ld File: C:/vhdl/cronometro-digital/cont16_ld.vhd Line: 5
Info (12128): Elaborating entity "cont16_ld" for hierarchy "cont16_ld:cent0" File: C:/vhdl/cronometro-digital/cronometro.vhd Line: 55
Info (12021): Found 1 design units, including 1 entities, in source file db/sld_ela_trigger_g2p.tdf
    Info (12023): Found entity 1: sld_ela_trigger_g2p File: C:/vhdl/cronometro-digital/db/sld_ela_trigger_g2p.tdf Line: 25
Info (12021): Found 1 design units, including 1 entities, in source file db/sld_reserved_cronometro_auto_signaltap_0_1_21bc.v
    Info (12023): Found entity 1: sld_reserved_cronometro_auto_signaltap_0_1_21bc File: C:/vhdl/cronometro-digital/db/sld_reserved_cronometro_auto_signaltap_0_1_21bc.v Line: 28
Info (12021): Found 1 design units, including 1 entities, in source file db/altsyncram_j424.tdf
    Info (12023): Found entity 1: altsyncram_j424 File: C:/vhdl/cronometro-digital/db/altsyncram_j424.tdf Line: 27
Info (12021): Found 1 design units, including 1 entities, in source file db/mux_lsc.tdf
    Info (12023): Found entity 1: mux_lsc File: C:/vhdl/cronometro-digital/db/mux_lsc.tdf Line: 22
Info (12021): Found 1 design units, including 1 entities, in source file db/decode_6vf.tdf
    Info (12023): Found entity 1: decode_6vf File: C:/vhdl/cronometro-digital/db/decode_6vf.tdf Line: 22
Info (12021): Found 1 design units, including 1 entities, in source file db/cntr_4gi.tdf
    Info (12023): Found entity 1: cntr_4gi File: C:/vhdl/cronometro-digital/db/cntr_4gi.tdf Line: 27
Info (12021): Found 1 design units, including 1 entities, in source file db/cmpr_kgc.tdf
    Info (12023): Found entity 1: cmpr_kgc File: C:/vhdl/cronometro-digital/db/cmpr_kgc.tdf Line: 22
Info (12021): Found 1 design units, including 1 entities, in source file db/cntr_b6j.tdf
    Info (12023): Found entity 1: cntr_b6j File: C:/vhdl/cronometro-digital/db/cntr_b6j.tdf Line: 25
Info (12021): Found 1 design units, including 1 entities, in source file db/cntr_7gi.tdf
    Info (12023): Found entity 1: cntr_7gi File: C:/vhdl/cronometro-digital/db/cntr_7gi.tdf Line: 27
Info (12021): Found 1 design units, including 1 entities, in source file db/cmpr_jgc.tdf
    Info (12023): Found entity 1: cmpr_jgc File: C:/vhdl/cronometro-digital/db/cmpr_jgc.tdf Line: 22
Info (12021): Found 1 design units, including 1 entities, in source file db/cntr_r2j.tdf
    Info (12023): Found entity 1: cntr_r2j File: C:/vhdl/cronometro-digital/db/cntr_r2j.tdf Line: 27
Info (12021): Found 1 design units, including 1 entities, in source file db/cmpr_ggc.tdf
    Info (12023): Found entity 1: cmpr_ggc File: C:/vhdl/cronometro-digital/db/cmpr_ggc.tdf Line: 22
Info (12033): Analysis and Synthesis generated Signal Tap or debug node instance "auto_signaltap_0"
Info (11170): Starting IP generation for the debug fabric: alt_sld_fab.
Info (11172): 2025.09.18.13:09:26 Progress: Loading sld85c70b88/alt_sld_fab_wrapper_hw.tcl
Info (11172): Alt_sld_fab.alt_sld_fab: SLD fabric agents which did not specify prefer_host were connected to JTAG
Info (11172): Alt_sld_fab: Generating alt_sld_fab "alt_sld_fab" for QUARTUS_SYNTH
Info (11172): Alt_sld_fab: "alt_sld_fab" instantiated alt_sld_fab "alt_sld_fab"
Info (11172): Presplit: "alt_sld_fab" instantiated altera_super_splitter "presplit"
Info (11172): Splitter: "alt_sld_fab" instantiated altera_sld_splitter "splitter"
Info (11172): Sldfabric: "alt_sld_fab" instantiated altera_sld_jtag_hub "sldfabric"
Info (11172): Ident: "alt_sld_fab" instantiated altera_connection_identification_hub "ident"
Info (11172): Alt_sld_fab: Done "alt_sld_fab" with 6 modules, 6 files
Info (11171): Finished IP generation for the debug fabric: alt_sld_fab.
Info (12021): Found 1 design units, including 1 entities, in source file db/ip/sld85c70b88/alt_sld_fab.v
    Info (12023): Found entity 1: alt_sld_fab File: C:/vhdl/cronometro-digital/db/ip/sld85c70b88/alt_sld_fab.v Line: 9
Info (12021): Found 1 design units, including 1 entities, in source file db/ip/sld85c70b88/submodules/alt_sld_fab_alt_sld_fab.v
    Info (12023): Found entity 1: alt_sld_fab_alt_sld_fab File: C:/vhdl/cronometro-digital/db/ip/sld85c70b88/submodules/alt_sld_fab_alt_sld_fab.v Line: 9
Info (12021): Found 1 design units, including 1 entities, in source file db/ip/sld85c70b88/submodules/alt_sld_fab_alt_sld_fab_ident.sv
    Info (12023): Found entity 1: alt_sld_fab_alt_sld_fab_ident File: C:/vhdl/cronometro-digital/db/ip/sld85c70b88/submodules/alt_sld_fab_alt_sld_fab_ident.sv Line: 33
Info (12021): Found 1 design units, including 1 entities, in source file db/ip/sld85c70b88/submodules/alt_sld_fab_alt_sld_fab_presplit.sv
    Info (12023): Found entity 1: alt_sld_fab_alt_sld_fab_presplit File: C:/vhdl/cronometro-digital/db/ip/sld85c70b88/submodules/alt_sld_fab_alt_sld_fab_presplit.sv Line: 3
Info (12021): Found 2 design units, including 1 entities, in source file db/ip/sld85c70b88/submodules/alt_sld_fab_alt_sld_fab_sldfabric.vhd
    Info (12022): Found design unit 1: alt_sld_fab_alt_sld_fab_sldfabric-rtl File: C:/vhdl/cronometro-digital/db/ip/sld85c70b88/submodules/alt_sld_fab_alt_sld_fab_sldfabric.vhd Line: 102
    Info (12023): Found entity 1: alt_sld_fab_alt_sld_fab_sldfabric File: C:/vhdl/cronometro-digital/db/ip/sld85c70b88/submodules/alt_sld_fab_alt_sld_fab_sldfabric.vhd Line: 11
Info (12021): Found 1 design units, including 1 entities, in source file db/ip/sld85c70b88/submodules/alt_sld_fab_alt_sld_fab_splitter.sv
    Info (12023): Found entity 1: alt_sld_fab_alt_sld_fab_splitter File: C:/vhdl/cronometro-digital/db/ip/sld85c70b88/submodules/alt_sld_fab_alt_sld_fab_splitter.sv Line: 3
Info (286031): Timing-Driven Synthesis is running on partition "Top"
Info (35024): Successfully connected in-system debug instance "auto_signaltap_0" to all 73 required data inputs, trigger inputs, acquisition clocks, and dynamic pins
Info (16010): Generating hard_block partition "hard_block:auto_generated_inst"
    Info (16011): Adding 0 node(s), including 0 DDIO, 0 PLL, 0 transceiver and 0 LCELL
Info (21057): Implemented 1097 device resources after synthesis - the final resource count might be different
    Info (21058): Implemented 6 input pins
    Info (21059): Implemented 17 output pins
    Info (21061): Implemented 1053 logic cells
    Info (21064): Implemented 20 RAM segments
Info: Quartus Prime Analysis & Synthesis was successful. 0 errors, 5 warnings
    Info: Peak virtual memory: 4865 megabytes
    Info: Processing ended: Thu Sep 18 13:09:34 2025
    Info: Elapsed time: 00:00:21
    Info: Total CPU time (on all processors): 00:00:34


